state,yearofloss,amount_paid,cum_paid
MD,1970,0,0
MD,1972,0,0
CT,1973,4377,4377
LA,1973,3390,3390
MD,1973,0,0
MI,1973,5500,5500
AL,1974,0,0
CA,1974,2207.78,2207.78
MA,1974,0,0
MD,1974,0,0
MI,1974,1408,6908
MO,1974,10000,10000
NJ,1974,0,0
NY,1974,15000,15000
OH,1974,2500,2500
PR,1974,2500,2500
AL,1975,5000,5000
CO,1975,0,0
FL,1975,20000,20000
HI,1975,0,0
MD,1975,34761.3,34761.3
MI,1975,7709.68,14617.68
MN,1975,2055.81,2055.81
MT,1975,11500,11500
NC,1975,512.47,512.47
ND,1975,10000,10000
NJ,1975,64258.64,64258.64
NY,1975,3174.2799999999997,18174.28
PA,1975,50215.1,50215.1
PR,1975,12321,14821
SC,1975,0,0
TX,1975,4000,4000
UT,1975,0,0
WA,1975,2500,2500
CA,1976,10000,12207.78
CT,1976,3743,8120
DE,1976,0,0
GA,1976,11003.5,11003.5
IL,1976,3623.8199999999997,3623.8199999999997
LA,1976,0,3390
MD,1976,0,34761.3
ME,1976,3285.49,3285.49
MI,1976,0,14617.68
MN,1976,11200.16,13255.97
MO,1976,34800,44800
ND,1976,2982.01,12982.01
NJ,1976,777.5,65036.14
NY,1976,82003.1,100177.38
OK,1976,1129.8,1129.8
PA,1976,7575.31,57790.409999999996
PR,1976,9683.16,24504.16
TN,1976,0,0
TX,1976,63642.509999999995,67642.51
VA,1976,0,0
VT,1976,295.27,295.27
WI,1976,35000,35000
AK,1977,6087.53,6087.53
AL,1977,54510.17,59510.17
AR,1977,9829.93,9829.93
AZ,1977,153342.15,153342.15
CA,1977,298011.92,310219.7
CO,1977,5142.32,5142.32
CT,1977,45578.69,53698.69
DC,1977,585,585
DE,1977,54693.86000000001,54693.86000000001
FL,1977,48884.5,68884.5
GA,1977,129659.3,140662.8
HI,1977,1095.09,1095.09
IA,1977,6723.89,6723.89
ID,1977,70.96,70.96
IL,1977,77547.36,81171.18
IN,1977,2162.56,2162.56
KS,1977,190857.71,190857.71
KY,1977,65584.1,65584.1
LA,1977,184269.44999999998,187659.44999999998
MA,1977,17769.87,17769.87
MD,1977,71104.77,105866.07
ME,1977,12101.710000000001,15387.2
MI,1977,108078.70000000001,122696.38
MN,1977,29697.61,42953.58
MO,1977,293712.67,338512.67
MS,1977,10410.75,10410.75
NC,1977,509246.42,509758.88999999996
ND,1977,7028.9,20010.91
NE,1977,108596.45,108596.45
NH,1977,0,0
NJ,1977,4332952.95,4397989.09
NM,1977,0,0
NV,1977,12984.3,12984.3
NY,1977,5225756.77,5325934.149999999
OH,1977,290641.2,293141.2
OK,1977,17091.420000000002,18221.22
OR,1977,286947.76,286947.76
PA,1977,1906655,1964445.41
PR,1977,123691.56,148195.72
RI,1977,8069.5,8069.5
SC,1977,6523.2300000000005,6523.2300000000005
SD,1977,850,850
TN,1977,117227.07999999999,117227.07999999999
TX,1977,123905.14,191547.65
UT,1977,5358.75,5358.75
VA,1977,1138153.88,1138153.88
VI,1977,61700.8,61700.8
VT,1977,1310,1605.27
WA,1977,818023.9400000001,820523.9400000001
WI,1977,0,35000
WV,1977,498455.44,498455.44
WY,1977,1339.56,1339.56
NA,1977,0,0
AK,1978,11716.46,17803.989999999998
AL,1978,337877.93,397388.1
AR,1978,2140158,2149987.93
AZ,1978,3240364.89,3393707.04
CA,1978,3777130.26,4087349.96
CO,1978,99462.95,104605.26999999999
CT,1978,1522874.91,1576573.5999999999
DC,1978,33467.2,34052.2
DE,1978,175107.77999999997,229801.63999999998
FL,1978,987884.85,1056769.35
GA,1978,119217.02,259879.82
HI,1978,129930.34000000001,131025.43000000001
IA,1978,194825.02000000002,201548.91000000003
ID,1978,17910.91,17981.87
IL,1978,1261260.95,1342432.13
IN,1978,1074281.76,1076444.32
KS,1978,88791.01999999999,279648.73
KY,1978,7914158.14,7979742.239999999
LA,1978,49060939.559999995,49248599.01
MA,1978,21153407.12,21171176.990000002
MD,1978,496066.69,601932.76
ME,1978,3253473.8,3268861
MI,1978,239218.1,361914.48000000004
MN,1978,6717173.62,6760127.2
MO,1978,492563.20999999996,831075.8799999999
MS,1978,267822.33,278233.08
MT,1978,631096.13,642596.13
NC,1978,377652.35,887411.24
ND,1978,1331830.26,1351841.17
NE,1978,1357714.54,1466310.99
NH,1978,1014713.4400000001,1014713.4400000001
NJ,1978,2947874.71,7345863.8
NM,1978,48823.97,48823.97
NV,1978,12320.03,25304.33
NY,1978,10989696.34,16315630.49
OH,1978,2303153.25,2596294.45
OK,1978,293861.94,312083.16000000003
OR,1978,51217.31,338165.07
PA,1978,5242318.4,7206763.8100000005
PR,1978,622119.9500000001,770315.67
RI,1978,874444.47,882513.97
SC,1978,13651.25,20174.48
SD,1978,273786.17,274636.17
TN,1978,378671.17,495898.25
TX,1978,2779539.6199999996,2971087.2699999996
UT,1978,51209.6,56568.35
VA,1978,3548608.5100000002,4686762.390000001
VI,1978,11045.810000000001,72746.61
VT,1978,32949.57,34554.84
WA,1978,75133.76999999999,895657.7100000001
WI,1978,212262.3,247262.3
WV,1978,7339812.04,7838267.48
WY,1978,96661.16,98000.72
AK,1979,18807.43,36611.42
AL,1979,44541792.74,44939180.84
AR,1979,515194.19,2665182.12
AZ,1979,209222.03,3602929.0700000003
CA,1979,2085152.88,6172502.84
CO,1979,176812.35,281417.62
CT,1979,3110651.29,4687224.89
DC,1979,86951.6,121003.8
DE,1979,129028.4,358830.04
FL,1979,17789012.17,18845781.520000003
GA,1979,3197264.94,3457144.76
HI,1979,185919.69,316945.12
IA,1979,666073.14,867622.05
ID,1979,68000.81999999999,85982.68999999999
IL,1979,16683683.78,18026115.91
IN,1979,1019361.09,2095805.41
KS,1979,2576957.9499999997,2856606.6799999997
KY,1979,2155394.31,10135136.549999999
LA,1979,18639320.84,67887919.85
MA,1979,6096053.7700000005,27267230.76
MD,1979,9108763.13,9710695.89
ME,1979,515563,3784424
MI,1979,438293.20999999996,800207.69
MN,1979,4099422.29,10859549.49
MO,1979,17641240.77,18472316.65
MS,1979,26798477.19,27076710.27
MT,1979,716712.86,1359308.99
NC,1979,2380734.26,3268145.4999999995
ND,1979,6882266.68,8234107.85
NE,1979,239177.86,1705488.85
NH,1979,279607.45,1294320.8900000001
NJ,1979,6524598.85,13870462.65
NM,1979,110907.42,159731.39
NV,1979,12503.72,37808.05
NY,1979,26999736.52,43315367.01
OH,1979,5376516.5,7972810.95
OK,1979,1241440.75,1553523.91
OR,1979,98294.7,436459.77
PA,1979,12469178.62,19675942.43
PR,1979,7101677.53,7871993.2
RI,1979,2075519.8099999998,2958033.78
SC,1979,1693774.3800000001,1713948.86
SD,1979,36892.66,311528.82999999996
TN,1979,2290211.61,2786109.86
TX,1979,220825919.97000003,223797007.24000004
UT,1979,16956,73524.35
VA,1979,2228012.4699999997,6914774.859999999
VI,1979,862149.49,934896.1
VT,1979,55816.1,90370.94
WA,1979,676240.12,1571897.83
WI,1979,896983.19,1144245.49
WV,1979,2585106.88,10423374.36
WY,1979,51867.86,149868.58000000002
AK,1980,49458.329999999994,86069.75
AL,1980,6641473.64,51580654.480000004
AR,1980,528968.36,3194150.48
AZ,1980,2665238.0300000003,6268167.100000001
CA,1980,12796776.17,18969279.009999998
CO,1980,294038.69,575456.31
CT,1980,4357565.95,9044790.84
DC,1980,28111.63,149115.43
DE,1980,372347.14999999997,731177.19
FL,1980,953936.41,19799717.930000003
GA,1980,750497.08,4207641.84
GU,1980,0,0
HI,1980,1046142.18,1363087.3
IA,1980,185025.63,1052647.68
ID,1980,104238.52,190221.21
IL,1980,740837.2300000001,18766953.14
IN,1980,551214.38,2647019.79
KS,1980,51078.25,2907684.9299999997
KY,1980,408367.04,10543503.59
LA,1980,107985178.91000001,175873098.76000002
MA,1980,425029.02,27692259.78
MD,1980,138104.5,9848800.39
ME,1980,59837.04,3844261.04
MI,1980,1277708,2077915.69
MN,1980,173773.97,11033323.46
MO,1980,194884.96000000002,18667201.61
MS,1980,6802424.75,33879135.02
MT,1980,42000.27,1401309.26
NC,1980,1397304.55,4665450.05
ND,1980,48821.39,8282929.239999999
NE,1980,121648.30000000002,1827137.1500000001
NH,1980,16929.4,1311250.29
NJ,1980,8877606.65,22748069.3
NM,1980,56540.94,216272.33000000002
NV,1980,58245.91,96053.96
NY,1980,16302325.37,59617692.379999995
OH,1980,2802567.53,10775378.48
OK,1980,403922.72,1957446.63
OR,1980,506433.29,942893.0599999999
PA,1980,2213018.95,21888961.38
PR,1980,505042.21,8377035.41
RI,1980,143289.22,3101323
SC,1980,50287.55,1764236.4100000001
SD,1980,7334.449999999999,318863.27999999997
TN,1980,696255.33,3482365.19
TX,1980,35717509.059999995,259514516.3
UT,1980,7645.860000000001,81170.20999999999
VA,1980,530892.83,7445667.6899999995
VI,1980,23521.94,958418.04
VT,1980,35666.4,126037.34
WA,1980,5899461.44,7471359.2700000005
WI,1980,251603.99,1395849.48
WV,1980,4113965.18,14537339.540000001
WY,1980,2198,152066.58000000002
AK,1981,21703.440000000002,107773.19
AL,1981,18281664.099999998,69862318.58
AR,1981,613203.79,3807354.27
AZ,1981,228881.90000000002,6497049
CA,1981,1825299.39,20794578.4
CO,1981,112883.39,688339.7
CT,1981,32404.96,9077195.8
DC,1981,756.66,149872.09
DE,1981,16289.050000000001,747466.24
FL,1981,1976710.32,21776428.25
GA,1981,189663.46,4397305.3
HI,1981,86972.74,1450060.04
IA,1981,32234.76,1084882.44
ID,1981,2207.25,192428.46
IL,1981,4248866.96,23015820.099999998
IN,1981,1444260.22,4091280.01
KS,1981,2457467.98,5365152.91
KY,1981,1766256.9799999997,12309760.57
LA,1981,4380500.5,180253599.26000002
MA,1981,382752.2,28075011.98
MD,1981,395121.45,10243921.840000002
ME,1981,77657.74,3921918.78
MI,1981,1485952.79,3563868.48
MN,1981,336129.51,11369452.97
MO,1981,1625692.28,20292893.89
MS,1981,550454.03,34429589.050000004
MT,1981,359161.54,1760470.8
NC,1981,806623.85,5472073.899999999
ND,1981,11365.12,8294294.359999999
NE,1981,20973,1848110.1500000001
NH,1981,153882.39,1465132.6800000002
NJ,1981,2244339.71,24992409.01
NM,1981,34485.49,250757.82
NV,1981,1026.7,97080.66
NY,1981,6098214.38,65715906.76
OH,1981,3872971.26,14648349.74
OK,1981,549654.13,2507100.76
OR,1981,284189.82,1227082.88
PA,1981,3873937.99,25762899.37
PR,1981,4584738.74,12961774.15
RI,1981,51326.49,3152649.4899999998
SC,1981,98833.17,1863069.58
TN,1981,347495.19,3829860.38
TX,1981,58924272.54,318438788.84000003
UT,1981,4555.61,85725.81999999999
VA,1981,320320.81,7765988.5
VI,1981,77541.99,1035960.03
VT,1981,272234.96,398272.30000000005
WA,1981,405467.95,7876827.220000001
WI,1981,70808.57,1466658.0499999998
WV,1981,1068731.18,15606070.72
WY,1981,24438.98,176505.56
AK,1982,631.06,108404.25
AL,1982,530594.88,70392913.46
AR,1982,2291429.9699999997,6098784.24
AZ,1982,112996.69,6610045.69
CA,1982,13386788.450000001,34181366.85
CO,1982,1302479.21,1990818.91
CT,1982,12077350.11,21154545.91
DE,1982,10921.229999999998,758387.47
FL,1982,13144434.879999999,34920863.13
GA,1982,1953933.24,6351238.54
GU,1982,11492.18,11492.18
HI,1982,4289368.86,5739428.9
IA,1982,444780.54,1529662.98
ID,1982,92007.14000000001,284435.60000000003
IL,1982,16144920.05,39160740.15
IN,1982,5379336.07,9470616.08
KS,1982,1554050.54,6919203.449999999
KY,1982,387522.68,12697283.25
LA,1982,37017141.36,217270740.62
MA,1982,2476660.65,30551672.630000003
MD,1982,59423.74,10303345.58
ME,1982,106688.01,4028606.79
MI,1982,1474785.6500000001,5038654.13
MN,1982,106223.29,11475676.26
MO,1982,35775567.9,56068461.79
MS,1982,3774504.88,38204093.93
MT,1982,44836.38,1805307.18
NC,1982,1293424.42,6765498.319999999
ND,1982,116866.76000000001,8411161.12
NE,1982,787434.96,2635545.11
NH,1982,36558.86,1501691.54
NJ,1982,787509.7000000001,25779918.71
NM,1982,10412.75,261170.57
NV,1982,28190.34,125271
NY,1982,3609217.29,69325124.05
OH,1982,6253594.29,20901944.03
OK,1982,882564.8500000001,3389665.61
OR,1982,273668.08,1500750.96
PA,1982,6620827.09,32383726.46
PR,1982,1105562.8,14067336.950000001
RI,1982,2189249.4,5341898.89
SC,1982,236379.45,2099449.0300000003
SD,1982,92926.08,411789.36
TN,1982,1261876.75,5091737.13
TX,1982,15685912.42,334124701.26000005
UT,1982,319670.5,405396.32
VA,1982,1522904.15,9288892.65
VI,1982,2689.12,1038649.15
VT,1982,99764.01,498036.31
WA,1982,686053.6,8562880.82
WI,1982,98106.08,1564764.13
WV,1982,322392.72,15928463.44
WY,1982,50006.26,226511.82
AK,1983,19663.18,128067.43
AL,1983,4840151.94,75233065.4
AR,1983,888026.11,6986810.35
AZ,1983,6053266.42,12663312.11
CA,1983,31715886.31,65897253.16
CO,1983,462913.45,2453732.36
CT,1983,1266770.98,22421316.89
DC,1983,20039.75,169911.84
DE,1983,106636.77,865024.24
FL,1983,1437122.03,36357985.160000004
GA,1983,543425.5,6894664.04
HI,1983,337842.62,6077271.5200000005
IA,1983,163755.61,1693418.59
ID,1983,123174.94,407610.54000000004
IL,1983,6241335.83,45402075.98
IN,1983,665208.05,10135824.13
KS,1983,966870.32,7886073.77
KY,1983,745999.45,13443282.7
LA,1983,127461228.12,344731968.74
MA,1983,935395.7,31487068.330000002
MD,1983,157391.22,10460736.8
ME,1983,664099.61,4692706.399999999
MI,1983,832732.25,5871386.38
MN,1983,1152813.83,12628490.09
MO,1983,15661072.780000001,71729534.57
MS,1983,51098169.89,89302263.82000001
MT,1983,11110.17,1816417.3499999999
NC,1983,1267642.74,8033141.06
ND,1983,50555.26,8461716.379999999
NE,1983,182529.37,2818074.48
NH,1983,69886.54,1571578.08
NJ,1983,4365959.6,30145878.31
NM,1983,22412.39,283582.96
NV,1983,541336.88,666607.88
NY,1983,5198177.77,74523301.82
OH,1983,605802.9400000001,21507746.97
OK,1983,1288513.69,4678179.3
OR,1983,384632.89,1885383.85
PA,1983,4985172.66,37368899.12
PR,1983,1218877.17,15286214.120000001
RI,1983,1116864.22,6458763.109999999
SC,1983,494211.44,2593660.47
SD,1983,40281.59,452070.95
TN,1983,532476.54,5624213.67
TX,1983,158376163.38000003,492500864.64000005
UT,1983,2027055.27,2432451.59
VA,1983,173576.1,9462468.75
VI,1983,744308.07,1782957.22
VT,1983,163909.07,661945.38
WA,1983,821490.3099999999,9384371.13
WI,1983,111011.86,1675775.99
WV,1983,51050.88,15979514.32
WY,1983,61653.4,288165.22000000003
AK,1984,25014.93,153082.36
AL,1984,203759.28,75436824.68
AR,1984,2348127.56,9334937.91
AZ,1984,420796.71,13084108.82
CA,1984,631008.9,66528262.06
CO,1984,463234.29,2916966.65
CT,1984,4958102.35,27379419.24
DC,1984,10804.17,180716.01
DE,1984,260397.21,1125421.45
FL,1984,4433729.66,40791714.82
GA,1984,306558.67,7201222.71
HI,1984,238702.58000000002,6315974.100000001
IA,1984,454175.44,2147594.03
ID,1984,85871.76,493482.3
IL,1984,1058627.49,46460703.47
IN,1984,52780.63,10188604.76
KS,1984,1078933.02,8965006.79
KY,1984,32378645.740000002,45821928.440000005
LA,1984,9436895.17,354168863.91
MA,1984,1344572.3,32831640.630000003
MD,1984,2939596.19,13400332.99
ME,1984,159655.56,4852361.96
MI,1984,275507.09,6146893.47
MN,1984,1335176.81,13963666.9
MO,1984,5961069.27,77690603.84
MS,1984,3459256.52,92761520.34
MT,1984,95,1816512.3499999999
NC,1984,1136275.38,9169416.44
ND,1984,112493.08,8574209.459999999
NE,1984,6112977.97,8931052.45
NH,1984,382528.58999999997,1954106.6700000002
NJ,1984,57708241.8,87854120.11
NM,1984,69483.42,353066.38
NV,1984,586012.57,1252620.45
NY,1984,11952658.9,86475960.72
OH,1984,599726.12,22107473.09
OK,1984,33754609.1,38432788.4
OR,1984,576485.23,2461869.08
PA,1984,11043485.81,48412384.93
PR,1984,422641.83,15708855.950000001
RI,1984,544157.25,7002920.359999999
SC,1984,223066.29,2816726.7600000002
SD,1984,376179.77,828250.72
TN,1984,2843131.92,8467345.59
TX,1984,24420044.110000003,516920908.75000006
UT,1984,1490866.26,3923317.85
VA,1984,2020586.31,11483055.06
VI,1984,344603.08999999997,2127560.31
VT,1984,251238.80000000002,913184.18
WA,1984,338995.01,9723366.14
WI,1984,35092.23,1710868.22
WV,1984,22907786.93,38887301.25
WY,1984,79933.04,368098.26
AK,1985,114995.27,268077.63
AL,1985,3324301.5799999996,78761126.26
AR,1985,167470.67,9502408.58
AZ,1985,23507.76,13107616.58
CA,1985,156942.29,66685204.35
CO,1985,172097.59,3089064.2399999998
CT,1985,4925998.99,32305418.23
DC,1985,74885.13,255601.14
DE,1985,608242.1499999999,1733663.5999999999
FL,1985,88229782,129021496.82000001
GA,1985,791562.74,7992785.45
HI,1985,255895.71,6571869.8100000005
IA,1985,97840.28,2245434.31
ID,1985,7148.62,500630.92
IL,1985,8742591.09,55203294.56
IN,1985,2317299.5,12505904.26
KS,1985,669893.4299999999,9634900.219999999
KY,1985,221932.03,46043860.47
LA,1985,94959272.16,449128136.07
MA,1985,1340961.82,34172602.45
MD,1985,5815837.73,19216170.720000003
ME,1985,6200.870000000001,4858562.83
MI,1985,7230705.44,13377598.91
MN,1985,595138.41,14558805.31
MO,1985,7107227.01,84797830.85
MS,1985,4139732.79,96901253.13
MT,1985,29109.56,1845621.91
NC,1985,2336267.71,11505684.15
ND,1985,1137.53,8575346.99
NE,1985,205983.38,9137035.83
NH,1985,32572.71,1986679.3800000001
NJ,1985,18430839.77,106284959.88
NM,1985,12978.13,366044.51
NV,1985,77144.90999999999,1329765.3599999999
NY,1985,15713322.06,102189282.78
OH,1985,4573999.11,26681472.2
OK,1985,1867805.17,40300593.57
OR,1985,107624.72,2569493.8
PA,1985,6950353.37,55362738.3
PR,1985,8475220.16,24184076.11
RI,1985,300248.92,7303169.279999999
SC,1985,240745.54,3057472.3000000003
SD,1985,445.4,828696.12
TN,1985,99532.86,8566878.45
TX,1985,9995803.59,526916712.34000003
UT,1985,33650.55,3956968.4
VA,1985,40497922.62,51980977.68
VI,1985,17627.77,2145188.08
VT,1985,46040.14,959224.3200000001
WA,1985,17400.73,9740766.870000001
WI,1985,268033.41,1978901.63
WV,1985,25449641.27,64336942.519999996
WY,1985,612632.34,980730.6
NA,1985,0,0
AK,1986,130152.94,398230.57
AL,1986,17091.3,78778217.56
AR,1986,717803.65,10220212.23
AZ,1986,267947.41,13375563.99
CA,1986,36058288.13,102743492.48
CO,1986,13069.34,3102133.58
CT,1986,96715.07,32402133.3
DC,1986,258278.74,513879.88
DE,1986,12273.16,1745936.7599999998
FL,1986,1930435.95,130951932.77
GA,1986,254161.25,8246946.7
HI,1986,1228422.5899999999,7800292.4
IA,1986,715403.77,2960838.08
ID,1986,12425,513055.92
IL,1986,8203638.359999999,63406932.92
IN,1986,96848.76,12602753.02
KS,1986,2505503.49,12140403.709999999
KY,1986,163393.41,46207253.88
LA,1986,1900957.3,451029093.37
MA,1986,44542.85,34217145.300000004
MD,1986,29485.07,19245655.790000003
ME,1986,176068.91,5034631.74
MI,1986,7915625.34,21293224.25
MN,1986,1202413.6300000001,15761218.940000001
MO,1986,20298876.540000003,105096707.39
MS,1986,286200.75,97187453.88
MT,1986,150096.72,1995718.63
NC,1986,943345.97,12449030.12
ND,1986,21909.559999999998,8597256.549999999
NE,1986,154660.82,9291696.65
NH,1986,205252.04,2191931.42
NJ,1986,1125534.92,107410494.8
NM,1986,10382.44,376426.95
NV,1986,591072.46,1920837.8199999998
NY,1986,3472661.61,105661944.39
OH,1986,537549.0800000001,27219021.28
OK,1986,14641471.76,54942065.33
OR,1986,116324.87,2685818.67
PA,1986,2891337.92,58254076.22
PR,1986,3045089.23,27229165.34
RI,1986,262654.53,7565823.81
SC,1986,1237318.13,4294790.43
SD,1986,309745.26,1138441.3800000001
TN,1986,291424.41000000003,8858302.86
TX,1986,6750469.37,533667181.71000004
UT,1986,462064.26999999996,4419032.67
VA,1986,129193.85999999999,52110171.54
VI,1986,4469.09,2149657.17
VT,1986,21707.2,980931.52
WA,1986,3614073.76,13354840.63
WI,1986,1052212.07,3031113.7
WV,1986,64776.83,64401719.35
WY,1986,12659.08,993389.6799999999
AK,1987,12871.63,411102.2
AL,1987,139322.55000000002,78917540.11
AR,1987,3078345.9699999997,13298558.2
AZ,1987,35713.71,13411277.700000001
CA,1987,177230.08,102920722.56
CO,1987,111327.72,3213461.3
CT,1987,850017.91,33252151.21
DC,1987,0,513879.88
DE,1987,0,1745936.7599999998
FL,1987,1408817.21,132360749.98
GA,1987,236472.11,8483418.81
HI,1987,1061089.46,8861381.86
IA,1987,202661.71,3163499.79
ID,1987,0,513055.92
IL,1987,15660631.72,79067564.64
IN,1987,247911.61,12850664.63
KS,1987,599077.41,12739481.12
KY,1987,154594.12,46361848
LA,1987,5754344.59,456783437.96
MA,1987,7248023.02,41465168.32
MD,1987,59804.53,19305460.32
ME,1987,10240116.85,15274748.59
MI,1987,470336.36000000004,21763560.61
MN,1987,1343121.35,17104340.29
MO,1987,193512.69,105290220.08
MS,1987,5968925.18,103156379.06
NC,1987,2575151.5300000003,15024181.65
ND,1987,152466.99,8749723.54
NE,1987,107229.69,9398926.34
NH,1987,1239870.03,3431801.45
NJ,1987,5747669.02,113158163.82
NM,1987,6619.0599999999995,383046.01
NV,1987,4026.42,1924864.24
NY,1987,4405488.44,110067432.83
OH,1987,1997177.54,29216198.82
OK,1987,2814385.6,57756450.93
OR,1987,131672.07,2817490.74
PA,1987,3868815.49,62122891.71
PR,1987,6259864.909999999,33489030.25
RI,1987,120421.54,7686245.35
SC,1987,5748177.7,10042968.13
SD,1987,36688,1175129.3800000001
TN,1987,983024.9,9841327.76
TX,1987,10191392.29,543858574
UT,1987,37886.8,4456919.47
VA,1987,4486899.79,56597071.33
VI,1987,196729.19,2346386.36
VT,1987,121195.42,1102126.94
WA,1987,296357.17,13651197.8
WI,1987,11627.66,3042741.36
WV,1987,277758.37,64679477.72
WY,1987,0,993389.6799999999
AK,1988,3698.08,414800.28
AL,1988,64776.64,78982316.75
AR,1988,418065.84,13716624.04
AZ,1988,258840.36,13670118.06
CA,1988,4195701.1899999995,107116423.75
CO,1988,6802.48,3220263.78
CT,1988,91173.39,33343324.599999998
DE,1988,17710,1763646.7599999998
FL,1988,11960430.26,144321180.24
GA,1988,93383.46,8576802.27
GU,1988,688.82,12181
HI,1988,1592467.51,10453849.370000001
IL,1988,247927.58,79315492.22
IN,1988,15875.27,12866539.9
KS,1988,16780.45,12756261.57
KY,1988,200647.66999999998,46562495.67
LA,1988,19498948.45,476282386.41
MA,1988,974423.93,42439592.25
MD,1988,163255.56999999998,19468715.89
ME,1988,31199.53,15305948.12
MI,1988,449971.4,22213532.01
MN,1988,0,17104340.29
MO,1988,30219.510000000002,105320439.59
MS,1988,668731.11,103825110.17
NC,1988,1540092.76,16564274.41
ND,1988,0,8749723.54
NE,1988,2661,9401587.34
NH,1988,9949.04,3441750.49
NJ,1988,874969.4,114033133.22
NM,1988,101912.89,484958.9
NV,1988,0,1924864.24
NY,1988,511846.72000000003,110579279.55
OH,1988,250661.16,29466859.98
OK,1988,399019.7,58155470.63
OR,1988,4510.11,2822000.85
PA,1988,578181.87,62701073.58
PR,1988,1224488.81,34713519.06
RI,1988,5004,7691249.35
SC,1988,335136.10000000003,10378104.23
SD,1988,25,1175154.3800000001
TN,1988,99961.03,9941288.79
TX,1988,3727854.35,547586428.35
UT,1988,0,4456919.47
VA,1988,790409.94,57387481.269999996
VI,1988,57246.18,2403632.54
VT,1988,0,1102126.94
WA,1988,14308.32,13665506.120000001
WI,1988,11564.47,3054305.83
WV,1988,110708.06999999999,64790185.79
WY,1988,29018,1022407.6799999999
AK,1989,17214.379999999997,432014.66
AL,1989,483412.14,79465728.89
AR,1989,963187.54,14679811.58
AZ,1989,85566.56999999999,13755684.63
CA,1989,258678.06,107375101.81
CO,1989,18366.29,3238630.07
CT,1989,887361.1799999999,34230685.78
DC,1989,0,513879.88
DE,1989,1539040.25,3302687.01
FL,1989,1874526.3,146195706.54
GA,1989,942971.64,9519773.91
HI,1989,114585.8,10568435.17
IA,1989,4802.929999999999,3168302.72
ID,1989,2519.6,515575.52
IL,1989,580663.75,79896155.97
IN,1989,1040561.78,13907101.68
KS,1989,520964.85000000003,13277226.42
KY,1989,10264973.34,56827469.01
LA,1989,74469117.32,550751503.73
MA,1989,214874.85,42654467.1
MD,1989,1461153.21,20929869.1
ME,1989,103553.53,15409501.649999999
MI,1989,732308.98,22945840.990000002
MN,1989,528066.52,17632406.810000002
MO,1989,285153.15,105605592.74
MS,1989,1098657.03,104923767.2
MT,1989,1494.45,1997213.08
NC,1989,17699642.439999998,34263916.849999994
ND,1989,867026.82,9616750.36
NE,1989,79977.77,9481565.11
NH,1989,3342.7200000000003,3445093.21
NJ,1989,6926303.54,120959436.75999999
NM,1989,7154.03,492112.93
NV,1989,2853.72,1927717.96
NY,1989,1884684.0799999998,112463963.63
OH,1989,2061365.96,31528225.94
OK,1989,1308519.09,59463989.72
OR,1989,1790.3,2823791.15
PA,1989,3543298.77,66244372.35
PR,1989,2106715.7199999997,36820234.78
RI,1989,150,7691399.35
SC,1989,361836511.41,372214615.64000005
SD,1989,500,1175654.3800000001
TN,1989,1001981.8800000001,10943270.67
TX,1989,154817119.8,702403548.1500001
UT,1989,13545.880000000001,4470465.35
VA,1989,1964267.22,59351748.489999995
VI,1989,6081833.81,8485466.35
VT,1989,23513.19,1125640.1300000001
WA,1989,480014.64,14145520.76
WI,1989,159159.18,3213465.01
WV,1989,1665114.5,66455300.29
WY,1989,7976.98,1030384.6599999999
AK,1990,73881.12,505895.77999999997
AL,1990,9502649.15,88968378.04
AR,1990,3640466.91,18320278.49
AZ,1990,1233472.2,14989156.83
CA,1990,174725.94,107549827.75
CO,1990,41410.94,3280041.01
CT,1990,157720.43,34388406.21
DC,1990,343163.37,857043.25
DE,1990,668.21,3303355.2199999997
FL,1990,1490725.82,147686432.36
GA,1990,9740474.55,19260248.46
GU,1990,1416.55,13597.550000000001
HI,1990,99683.12999999999,10668118.3
IA,1990,8375248.78,11543551.5
ID,1990,44752.1,560327.62
IL,1990,2792759.09,82688915.06
IN,1990,10227174.56,24134276.240000002
KS,1990,362191.48000000004,13639417.9
KY,1990,1828116.97,58655585.980000004
LA,1990,27539077.9,578290581.63
MA,1990,1290810.89,43945277.99
MD,1990,20487.82,20950356.92
ME,1990,225181.38999999998,15634683.04
MI,1990,223850.56,23169691.55
MN,1990,141303.93,17773710.740000002
MO,1990,12702515.370000001,118308108.11
MS,1990,9214772.29,114138539.49
MT,1990,68150,2065363.08
NC,1990,1316160.19,35580077.04
ND,1990,0,9616750.36
NE,1990,511399.36,9992964.469999999
NH,1990,20974.859999999997,3466068.0700000003
NJ,1990,1955080.32,122914517.08
NM,1990,31281.11,523394.04
NV,1990,415858.38999999996,2343576.35
NY,1990,2150478.14,114614441.77
OH,1990,4116010.38,35644236.32
OK,1990,1485140.16,60949129.88
OR,1990,365495.52999999997,3189286.68
PA,1990,2019936.32,68264308.67
PR,1990,289345.47,37109580.25
RI,1990,10365.4,7701764.75
SC,1990,652351.5700000001,372866967.21000004
SD,1990,0,1175654.3800000001
TN,1990,3607700.51,14550971.18
TX,1990,23665062.78,726068610.9300001
VA,1990,610560.15,59962308.64
VI,1990,24664.41,8510130.76
VT,1990,6085.95,1131726.08
WA,1990,20900114.15,35045634.91
WI,1990,857345.54,4070810.55
WV,1990,1328553.91,67783854.2
WY,1990,0,1030384.6599999999
AK,1991,433231.3,939127.08
AL,1991,1004672.0700000001,89973050.11
AR,1991,1562534.74,19882813.23
AS,1991,0,0
AZ,1991,15993.04,15005149.870000001
CA,1991,1213547.2899999998,108763375.04
CO,1991,115435.55,3395476.56
CT,1991,1950331.97,36338738.18
DC,1991,7480.36,864523.61
DE,1991,151962.94999999998,3455318.17
FL,1991,9995928.559999999,157682360.92
GA,1991,2501068.1999999997,21761316.66
GU,1991,48356.770000000004,61954.32000000001
HI,1991,1938991.9700000002,12607110.27
IA,1991,679082.16,12222633.66
ID,1991,0,560327.62
IL,1991,517044.47,83205959.53
IN,1991,932605.79,25066882.03
KS,1991,43919.53,13683337.43
KY,1991,1462971.94,60118557.92
LA,1991,75043083,653333664.63
MA,1991,126030612.57000001,169975890.56
MD,1991,355367.54,21305724.46
ME,1991,5214689.32,20849372.36
MI,1991,525218.9,23694910.45
MN,1991,124740.29,17898451.03
MO,1991,2182485.2399999998,120490593.35000001
MS,1991,11997530.13,126136069.62
MT,1991,69091.87999999999,2134454.96
NC,1991,9537557.83,45117634.87
ND,1991,113685.48,9730435.84
NE,1991,445993.14,10438957.61
NH,1991,1878484.1400000001,5344552.21
NJ,1991,11576575.79,134491092.87
NM,1991,6833.27,530227.3099999999
NV,1991,14811.96,2358388.31
NY,1991,37525330.61,152139772.38
OH,1991,431625.52,36075861.84
OK,1991,186486.18,61135616.06
OR,1991,158037.31,3347323.9899999998
PA,1991,1412412.8900000001,69676721.56
PR,1991,224602.18,37334182.43
RI,1991,6591305.2,14293069.95
SC,1991,295434.94,373162402.15000004
SD,1991,3248.71,1178903.09
TN,1991,758071.13,15309042.31
TX,1991,34221571.83,760290182.7600001
UT,1991,4300.3499999999995,4474765.7
VA,1991,630873.18,60593181.82
VI,1991,0,8510130.76
VT,1991,5603.79,1137329.87
WA,1991,841332.18,35886967.089999996
WI,1991,7307.21,4078117.76
WV,1991,690930.08,68474784.28
WY,1991,1309.71,1031694.37
AK,1992,520355.06999999995,1459482.15
AL,1992,299217.95,90272268.06
AR,1992,40772.03,19923585.26
AZ,1992,787644.46,15792794.33
CA,1992,4160013.67,112923388.71000001
CO,1992,33324.92,3428801.48
CT,1992,42973142.98,79311881.16
DC,1992,0,864523.61
DE,1992,5441602.7,8896920.87
FL,1992,158126863.51999998,315809224.44
GA,1992,1239378.77,23000695.43
GU,1992,638.6,62592.920000000006
HI,1992,35808639.15,48415749.42
IA,1992,32554.89,12255188.55
ID,1992,2711.61,563039.23
IL,1992,79376.83,83285336.36
IN,1992,1295271.17,26362153.2
KS,1992,793089.1000000001,14476426.53
KY,1992,740177.7,60858735.620000005
LA,1992,33620338.29,686954002.92
MA,1992,18418152.02,188394042.58
MD,1992,4575071.81,25880796.27
ME,1992,44603.37,20893975.73
MI,1992,31948.15,23726858.6
MN,1992,62937.18,17961388.21
MO,1992,561629.47,121052222.82000001
MS,1992,610520.7999999999,126746590.42
MT,1992,12971.76,2147426.7199999997
NC,1992,2576828.23,47694463.099999994
ND,1992,1865.2,9732301.04
NE,1992,149684.11,10588641.719999999
NH,1992,67518.31999999999,5412070.53
NJ,1992,205166147.39,339657240.26
NM,1992,559847.1000000001,1090074.4100000001
NV,1992,58120.85999999999,2416509.17
NY,1992,109719605.01,261859377.39000002
OH,1992,1540881.31,37616743.15
OK,1992,769095.24,61904711.300000004
OR,1992,10346.16,3357670.15
PA,1992,1295843.85,70972565.41
PR,1992,6010252.94,43344435.37
RI,1992,685274.5900000001,14978344.54
SC,1992,523141.08,373685543.23
SD,1992,9387.43,1188290.52
TN,1992,165477.7,15474520.01
TX,1992,59264621.55,819554804.3100001
UT,1992,14999.15,4489764.85
VA,1992,9361924.4,69955106.22
VI,1992,57593.65,8567724.41
VT,1992,1555090.73,2692420.6
WA,1992,70043.69,35957010.78
WI,1992,115533.3,4193651.06
WV,1992,163083.31,68637867.59
WY,1992,0,1031694.37
NA,1992,0,0
AK,1993,34708.61,1494190.76
AL,1993,194063.13,90466331.19
AR,1993,795117.85,20718703.11
AZ,1993,4469676.21,20262470.54
CA,1993,6785042.97,119708431.68
CO,1993,93481.24,3522282.7199999997
CT,1993,487602.69,79799483.85
DC,1993,19361.16,883884.77
DE,1993,153788.68,9050709.55
FL,1993,199916630.96,515725855.4
GA,1993,279664.59,23280360.02
HI,1993,274822.35000000003,48690571.769999996
IA,1993,26297385.52,38552574.07
ID,1993,500,563539.23
IL,1993,67033644.63,150318980.99
IN,1993,2814299.88,29176453.080000002
KS,1993,11897150.85,26373577.38
KY,1993,647229.47,61505965.09
LA,1993,25714121.61,712668124.53
MA,1993,1970146.85,190364189.43
MD,1993,382099.05,26262895.32
ME,1993,267612.06,21161587.79
MI,1993,559299.25,24286157.85
MN,1993,1874468.08,19835856.29
MO,1993,207384221.54,328436444.36
MS,1993,6028840.38,132775430.8
MT,1993,6870.95,2154297.67
NC,1993,20132047.56,67826510.66
ND,1993,298955.91,10031256.95
NE,1993,6371153.02,16959794.74
NH,1993,17896.5,5429967.03
NJ,1993,4034428.15,343691668.40999997
NM,1993,2732.99,1092807.4000000001
NV,1993,9675.55,2426184.7199999997
NY,1993,26823429.1,288682806.49
OH,1993,883637.8400000001,38500380.99
OK,1993,8797290.91,70702002.21000001
OR,1993,9631.86,3367302.01
PA,1993,7865023.149999999,78837588.56
PR,1993,672380.7000000001,44016816.07
RI,1993,563336.54,15541681.08
SC,1993,1197125.7,374882668.93
SD,1993,781424.28,1969714.8
TN,1993,429788.26999999996,15904308.28
TX,1993,10341095.16,829895899.47
UT,1993,1393.03,4491157.88
VA,1993,766927.36,70722033.58
VI,1993,0,8567724.41
VT,1993,213511.58,2905932.18
WA,1993,200022.02,36157032.8
WI,1993,2141780.31,6335431.37
WV,1993,103752.69,68741620.28
WY,1993,19170.629999999997,1050865
NA,1993,0,0
AK,1994,376731.85,1870922.6099999999
AL,1994,4432176.34,94898507.53
AR,1994,582159.73,21300862.84
AZ,1994,151214.19999999998,20413684.74
CA,1994,1305322.08,121013753.76
CO,1994,103628.58,3625911.3
CT,1994,909033.91,80708517.75999999
DE,1994,1103433.96,10154143.51
FL,1994,19944273.46,535670128.86
GA,1994,47842691.660000004,71123051.68
HI,1994,488415.8,49178987.57
IA,1994,40567.33,38593141.4
IL,1994,2927713.62,153246694.61
IN,1994,567177.08,29743630.16
KS,1994,1038606.7000000001,27412184.08
KY,1994,1722030.6,63227995.69
LA,1994,8839798.74,721507923.27
MA,1994,360077.66,190724267.09
MD,1994,738475.35,27001370.67
ME,1994,1205690.8800000001,22367278.669999998
MI,1994,218777.84,24504935.69
MN,1994,65133.969999999994,19900990.26
MO,1994,24858252.66,353294697.02
MS,1994,4782701.58,137558132.38
MT,1994,7750.84,2162048.51
NC,1994,4851208.61,72677719.27
ND,1994,7137.08,10038394.03
NE,1994,40342.23,17000136.97
NH,1994,14382.44,5444349.470000001
NJ,1994,15093434.46,358785102.87
NM,1994,39458.66,1132266.06
NV,1994,0,2426184.7199999997
NY,1994,5370518.42,294053324.91
OH,1994,6163764.33,44664145.32
OK,1994,3998929.4899999998,74700931.7
OR,1994,195201.01,3562503.02
PA,1994,5736270.72,84573859.28
PR,1994,52395.020000000004,44069211.09
RI,1994,331005.79,15872686.87
SC,1994,6016252.71,380898921.64000005
SD,1994,161388.68,2131103.48
TN,1994,4466500.59,20370808.87
TX,1994,226072596.24,1055968495.71
VA,1994,1538859.81,72260893.39
VI,1994,0,8567724.41
VT,1994,56116.88,2962049.06
WA,1994,578983.29,36736016.089999996
WI,1994,318067.08,6653498.45
WV,1994,5450582.15,74192202.42999999
WY,1994,46095.7,1096960.7
AK,1995,292904.58999999997,2163827.1999999997
AL,1995,18040799.72,112939307.25
AR,1995,143354.97,21444217.81
AZ,1995,530414.13,20944098.87
CA,1995,116368450.06,237382203.82
CO,1995,325190.26,3951101.56
CT,1995,885866.58,81594384.33999999
DC,1995,14828.32,898713.09
DE,1995,30338.48,10184481.99
FL,1995,421268130.5,956938259.36
GA,1995,3130500.56,74253552.24000001
GU,1995,20580.92,83173.84
HI,1995,1113694.3900000001,50292681.96
IA,1995,5598.22,38598739.62
ID,1995,73399.31999999999,636938.55
IL,1995,4493009.2,157739703.81
IN,1995,367787.4,30111417.560000002
KS,1995,1818182.87,29230366.95
KY,1995,677545.78,63905541.47
LA,1995,606713123.26,1328221046.53
MA,1995,599766.3200000001,191324033.41
MD,1995,478891.02,27480261.69
ME,1995,6405.1900000000005,22373683.86
MI,1995,96149.67,24601085.36
MN,1995,26133.19,19927123.45
MO,1995,18502788.84,371797485.86
MS,1995,16696466.84,154254599.22
MT,1995,38649.88,2200698.39
NC,1995,14544584.54,87222303.81
ND,1995,1005397.43,11043791.459999999
NE,1995,90081.84999999999,17090218.82
NH,1995,165249.79,5609599.26
NJ,1995,2521009.8000000003,361306112.66999996
NM,1995,84522.34000000001,1216788.4000000001
NV,1995,143384.56,2569569.28
NY,1995,5536174.31,299589499.22
OH,1995,1824521.18,46488666.5
OK,1995,6853021.56,81553953.26
OR,1995,415609.08,3978112.1
PA,1995,1064396.17,85638255.45
PR,1995,537675.01,44606886.1
RI,1995,7131,15879817.87
SC,1995,2161234.92,383060156.56
SD,1995,212757.95,2343861.43
TN,1995,1392692.5,21763501.37
TX,1995,14609282.16,1070577777.8700001
UT,1995,160775.23,4651933.11
VA,1995,4693608.12,76954501.50999999
VI,1995,10838477.7,19406202.11
VT,1995,565837.77,3527886.83
WA,1995,11020028.370000001,47756044.46
WI,1995,378309.01999999996,7031807.47
WV,1995,1980914.08,76173116.51
WY,1995,12490.189999999999,1109450.89
AK,1996,33379.1,2197206.3
AL,1996,1765121,114704428.25
AR,1996,345386.9,21789604.71
AZ,1996,669722.54,21613821.41
CA,1996,8284247.67,245666451.49
CO,1996,115416.15,4066517.71
CT,1996,8119197.7299999995,89713582.07
DC,1996,560586.78,1459299.87
DE,1996,640464.04,10824946.03
FL,1996,105537442.64,1062475702
GA,1996,6840129.7,81093681.94
GU,1996,0,83173.84
HI,1996,850992.89,51143674.85
IA,1996,2402326.64,41001066.26
ID,1996,1674073.6300000001,2311012.18
IL,1996,23720514.98,181460218.79
IN,1996,2605483.5,32716901.060000002
KS,1996,718825.47,29949192.419999998
KY,1996,4346668.99,68252210.46000001
LA,1996,6014076.02,1334235122.55
MA,1996,8589784.39,199913817.8
MD,1996,12192882.23,39673143.92
ME,1996,1913079.3,24286763.16
MI,1996,1160018.47,25761103.830000002
MN,1996,1480168.3800000001,21407291.830000002
MO,1996,5410507.27,377207993.13
MS,1996,1492746.59,155747345.81
MT,1996,609117.92,2809816.31
NC,1996,188746185.87,275968489.68
ND,1996,7628119.829999999,18671911.29
NE,1996,812926.16,17903144.98
NH,1996,2365408.94,7975008.2
NJ,1996,31311783.63,392617896.29999995
NM,1996,52475.11,1269263.51
NV,1996,244353.30000000002,2813922.58
NY,1996,38788687.51,338378186.73
OH,1996,4074385.98,50563052.48
OK,1996,985145.28,82539098.54
OR,1996,35246510.5,39224622.6
PA,1996,137962316.74,223600572.19
PR,1996,20907196.57,65514082.67
RI,1996,154838.91,16034656.78
SC,1996,4382960.260000001,387443116.82000005
SD,1996,240381.76,2584243.19
TN,1996,1506671.78,23270173.15
TX,1996,10141679.24,1080719457.1100001
UT,1996,8421.23,4660354.34
VA,1996,33260865.2,110215366.71
VI,1996,2188058.09,21594260.2
VT,1996,216578.6,3744465.43
WA,1996,36929717.2,84685761.66
WI,1996,268527.24,7300334.71
WV,1996,61489688.85,137662805.36
WY,1996,32140.239999999998,1141591.13
AK,1997,5153.4,2202359.6999999997
AL,1997,11366495.819999998,126070924.07
AR,1997,2003348.3,23792953.01
AZ,1997,272148.58,21885969.990000002
CA,1997,43971505.51,289637957
CO,1997,756079.39,4822597.1
CT,1997,70941.88,89784523.95
DC,1997,0,1459299.87
DE,1997,12638.01,10837584.04
FL,1997,12140985.870000001,1074616687.87
GA,1997,859664.35,81953346.29
GU,1997,201174,284347.84
HI,1997,479338.66000000003,51623013.51
IA,1997,1206015.5899999999,42207081.85
ID,1997,1712498.82,4023511
IL,1997,7563781.62,189024000.41
IN,1997,11113636.94,43830538
KS,1997,1255702.71,31204895.13
KY,1997,79952430.46000001,148204640.92000002
LA,1997,22656152.57,1356891275.12
MA,1997,1236736.71,201150554.51000002
MD,1997,28844.56,39701988.480000004
ME,1997,359034.94,24645798.1
MI,1997,1692292.5,27453396.330000002
MN,1997,60210429.17,81617721
MO,1997,1366970.3699999999,378574963.5
MS,1997,11337854.450000001,167085200.26
MT,1997,2290314.73,5100131.04
NC,1997,10765970.76,286734460.44
ND,1997,97629889.96,116301801.24999999
NE,1997,1385329.53,19288474.509999998
NH,1997,144159.1,8119167.3
NJ,1997,7116409.69,399734305.99
NM,1997,37439.77,1306703.28
NV,1997,19806857.78,22620780.36
NY,1997,2030328.81,340408515.54
OH,1997,25860267.77,76423320.25
OK,1997,743680.02,83282778.56
OR,1997,2774483,41999105.6
PA,1997,3509322.88,227109895.07000002
PR,1997,547816.13,66061898.8
RI,1997,149854.84,16184511.62
SC,1997,1210576.8,388653693.62
SD,1997,8075095.55,10659338.74
TN,1997,2943173.36,26213346.509999998
TX,1997,36848898.04,1117568355.15
UT,1997,18933.82,4679288.16
VA,1997,470251.66,110685618.36999999
VI,1997,0,21594260.2
VT,1997,343234.58,4087700.0100000002
WA,1997,4183891.33,88869652.99000001
WI,1997,8286261.06,15586595.77
WV,1997,8369543.78,146032349.14000002
WY,1997,218537.87,1360129
AK,1998,6545.4,2208905.1
AL,1998,94498596.7,220569520.77
AR,1998,1316192.49,25109145.5
AZ,1998,260797.81,22146767.8
CA,1998,60705282.96,350343239.96
CO,1998,480752.75,5303349.85
CT,1998,478336.49,90262860.44
DC,1998,23282.7,1482582.57
DE,1998,6174862.02,17012446.06
FL,1998,101720898.7,1176337586.57
GA,1998,16527779.03,98481125.32000001
HI,1998,104715.97,51727729.48
IA,1998,1622242.6500000001,43829324.5
ID,1998,28490.37,4052001.37
IL,1998,986154.7999999999,190010155.21
IN,1998,2361577.91,46192115.910000004
KS,1998,18340187.03,49545082.160000004
KY,1998,3938191.17,152142832.09
LA,1998,78136798.89,1435028074.01
MA,1998,5024146.22,206174700.73000002
MD,1998,2640471.54,42342460.02
ME,1998,669801.22,25315599.32
MI,1998,2413730.23,29867126.56
MN,1998,1752548.1500000001,83370269.15
MO,1998,14098411.6,392673375.09999996
MS,1998,53267907.9,220353108.16
MT,1998,32047.46,5132178.5
NC,1998,27987885.88,314722346.32
ND,1998,4941973.44,121243774.69
NE,1998,248449.47,19536923.98
NH,1998,735178.41,8854345.71
NJ,1998,23108046.71,422842352.7
NM,1998,34593.83,1341297.11
NV,1998,683214.09,23303994.45
NY,1998,7671907.14,348080422.68
OH,1998,14705476.1,91128796.35
OK,1998,2535490.59,85818269.15
OR,1998,3782622.34,45781727.94
PA,1998,750233.23,227860128.3
PR,1998,27066490.62,93128389.42
RI,1998,1569640.06,17754151.68
SC,1998,3124765.81,391778459.43
SD,1998,316772.56,10976111.3
TN,1998,5204740.95,31418087.46
TX,1998,265289475.72,1382857830.8700001
UT,1998,3061.72,4682349.88
VA,1998,9190553.44,119876171.81
VI,1998,3599492.54,25193752.74
VT,1998,919116.16,5006816.17
WA,1998,1193670.65,90063323.64
WI,1998,7382617.58,22969213.35
WV,1998,6696189.04,152728538.18
WY,1998,0,1360129
AK,1999,25043.29,2233948.3899999997
AL,1999,5927470.55,226496991.32
AR,1999,238914.44,25348059.94
AZ,1999,161732.86,22308500.66
CA,1999,1090592.06,351433832.02
CO,1999,2014470.44,7317820.29
CT,1999,4110062.6200000006,94372923.06
DC,1999,15689.310000000001,1498271.8800000001
DE,1999,7402252.19,24414698.25
FL,1999,137955680.83,1314293267.4
GA,1999,17458457.34,115939582.66
GU,1999,5333.7,289681.54
HI,1999,72324.48999999999,51800053.97
IA,1999,8025544.58,51854869.08
ID,1999,25985.78,4077987.1500000004
IL,1999,1521375.81,191531531.02
IN,1999,1268550.9300000002,47460666.84
KS,1999,869422.58,50414504.74
KY,1999,304010.3,152446842.39000002
LA,1999,14723364.53,1449751438.54
MA,1999,617278.08,206791978.81
MD,1999,4655154.48,46997614.5
ME,1999,48702.5,25364301.82
MI,1999,86191.34,29953317.900000002
MN,1999,1629661.9000000001,84999931.05
MO,1999,4237130.05,396910505.15
MS,1999,2509865.6,222862973.76
MT,1999,20058.57,5152237.07
NC,1999,232234830.86,546957177.1800001
ND,1999,3218073.13,124461847.82
NE,1999,554335.07,20091259.05
NH,1999,41303.67,8895649.38
NJ,1999,148566458.92,571408811.62
NM,1999,267058.3,1608355.4100000001
NV,1999,1689095.8699999999,24993090.32
NY,1999,14985229.77,363065652.45
OH,1999,396456.88999999996,91525253.24
OK,1999,2364291.92,88182561.07000001
OR,1999,6011234.9799999995,51792962.92
PA,1999,63365555.15,291225683.45
PR,1999,1323592.04,94451981.46000001
RI,1999,500626.35,18254778.03
SC,1999,21908108.970000003,413686568.40000004
SD,1999,1443806.85,12419918.15
TN,1999,995647.03,32413734.49
TX,1999,8728301.74,1391586132.6100001
UT,1999,3477.23,4685827.11
VA,1999,18814872.35,138691044.16
VI,1999,8071408.010000001,33265160.75
VT,1999,8229.14,5015045.3100000005
WA,1999,2136515.61,92199839.25
WI,1999,255038.61000000002,23224251.96
WV,1999,191284.62999999998,152919822.81
WY,1999,123.12,1360252.1199999999
NA,1999,0,0
AK,2000,9395.08,2243343.4699999997
AL,2000,2454115.99,228951107.31
AR,2000,411148.08,25759208.02
AZ,2000,382775.02,22691275.68
CA,2000,1646363.15,353080195.17
CO,2000,92697.79,7410518.08
CT,2000,1980402.4799999997,96353325.53999999
DC,2000,0,1498271.8800000001
DE,2000,477919.74,24892617.99
FL,2000,166686598.68,1480979866.08
GA,2000,1119979.51,117059562.17
GU,2000,1775.61,291457.15
HI,2000,1908451.05,53708505.019999996
IA,2000,275907.05,52130776.13
ID,2000,1851.12,4079838.27
IL,2000,1842833.02,193374364.04
IN,2000,387464.29,47848131.13
KS,2000,14849.71,50429354.45
KY,2000,2023920.28,154470762.67000002
LA,2000,2118105.81,1451869544.35
MA,2000,232740.86,207024719.67000002
MD,2000,212434.68,47210049.18
ME,2000,54987.73,25419289.55
MI,2000,698877.2000000001,30652195.1
MN,2000,2317631.29,87317562.34
MO,2000,5920903.78,402831408.93
MS,2000,728180,223591153.76
MT,2000,0,5152237.07
NC,2000,4166757.1399999997,551123934.32
ND,2000,2427984.93,126889832.75
NE,2000,18762.29,20110021.34
NH,2000,116965,9012614.38
NJ,2000,5032956.4,576441768.02
NM,2000,122421.15,1730776.56
NV,2000,58176.97,25051267.29
NY,2000,3978588.32,367044240.77
OH,2000,2054441.71,93579694.95
OK,2000,8343541.44,96526102.51
OR,2000,155123.03,51948085.95
PA,2000,6972836.58,298198520.03000003
PR,2000,490993.85000000003,94942975.31
RI,2000,167289.13,18422067.16
SC,2000,1334213.57,415020781.97
SD,2000,50000,12469918.15
TN,2000,1138434.35,33552168.84
TX,2000,14708332.47,1406294465.0800002
UT,2000,123.94,4685951.05
VA,2000,1432755.5699999998,140123799.73
VI,2000,35136.14,33300296.89
VT,2000,610956.87,5626002.18
WA,2000,263028.78,92462868.03
WI,2000,512462.41,23736714.37
WV,2000,3547803.21,156467626.02
WY,2000,569.76,1360821.88
NA,2000,0,0
AK,2001,7040.56,2250384.03
AL,2001,744873.0599999999,229695980.37
AR,2001,1655913.8900000001,27415121.91
AZ,2001,80151.93000000001,22771427.61
CA,2001,2866529.54,355946724.71
CO,2001,141378.41999999998,7551896.5
CT,2001,1525213.26,97878538.8
DC,2001,1155.59,1499427.47
DE,2001,74244.22,24966862.21
FL,2001,45361228.58,1526341094.66
GA,2001,1128928.33,118188490.5
HI,2001,185481.06,53893986.08
IA,2001,6153313.49,58284089.62
ID,2001,20179.04,4100017.31
IL,2001,7880395.32,201254759.36
IN,2001,231044.09,48079175.22
KS,2001,669178.76,51098533.21
KY,2001,1259900.05,155730662.72
LA,2001,103378072.58,1555247616.93
MA,2001,6538979.74,213563699.41
MD,2001,155470.53,47365519.71
ME,2001,126391.16,25545680.71
MI,2001,1589941.66,32242136.76
MN,2001,8056498.69,95374061.03
MO,2001,4780185.91,407611594.84
MS,2001,11769458.23,235360611.99
MT,2001,108413.59,5260650.66
NC,2001,1278710.97,552402645.29
ND,2001,2798637.54,129688470.28999999
NE,2001,112504.62999999999,20222525.97
NH,2001,189463.28,9202077.66
NJ,2001,2474605.58,578916373.6
NM,2001,58558.09,1789334.6500000001
NV,2001,26872.629999999997,25078139.92
NY,2001,1206794.27,368251035.04
OH,2001,3773764.73,97353459.67999999
OK,2001,506982.89999999997,97033085.41
OR,2001,14234.58,51962320.53
PA,2001,26137089.48,324335609.51
PR,2001,3007983.1,97950958.41
RI,2001,872508.2100000001,19294575.37
SC,2001,1783022.45,416803804.42
SD,2001,976733.04,13446651.19
TN,2001,1600069.01,35152237.85
TX,2001,1004074397.05,2410368862.13
UT,2001,5642.98,4691594.03
VA,2001,2315787.81,142439587.54
VI,2001,360149.25,33660446.14
VT,2001,5454.73,5631456.91
WA,2001,900176.46,93363044.49000001
WI,2001,2486657.61,26223371.98
WV,2001,13500144.940000001,169967770.96
WY,2001,0,1360821.88
AK,2002,308496.55,2558880.58
AL,2002,7623529.18,237319509.55
AR,2002,2557125.1,29972247.01
AZ,2002,406668.82,23178096.43
CA,2002,7841748.76,363788473.47
CO,2002,435778.97000000003,7987675.47
CT,2002,210462.34,98089001.14
DE,2002,20471.81,24987334.02
FL,2002,8364848.16,1534705942.82
GA,2002,1359112.06,119547602.56
GU,2002,1112718.17,1404175.3199999998
HI,2002,617834.01,54511820.089999996
IA,2002,1048406.01,59332495.63
ID,2002,116676.76,4216694.07
IL,2002,5572214.55,206826973.91
IN,2002,1298258.97,49377434.19
KS,2002,80668.7,51179201.910000004
KY,2002,6831196.52,162561859.24
LA,2002,133193938.75,1688441555.68
MA,2002,571331.73,214135031.14000002
MD,2002,191697.62,47557217.33
ME,2002,77805.34,25623486.05
MI,2002,118700.72,32360837.48
MN,2002,4102404.1999999997,99476465.23
MO,2002,6264961.41,413876556.25
MS,2002,19982640.22,255343252.21
MT,2002,4443.68,5265094.34
NC,2002,2095709.31,554498354.6
ND,2002,529853.63,130218323.91999999
NE,2002,26369.95,20248895.919999998
NH,2002,53016.03,9255093.69
NJ,2002,1008720.88,579925094.48
NM,2002,136750.67,1926085.32
NV,2002,0,25078139.92
NY,2002,1411496.4100000001,369662531.45
OH,2002,1632372.3699999999,98985832.05
OK,2002,612252.01,97645337.42
OR,2002,540930.09,52503250.62
PA,2002,905537.16,325241146.67
PR,2002,219440.29,98170398.7
RI,2002,35038.08,19329613.45
SC,2002,1181661.6099999999,417985466.03000003
SD,2002,56164.72,13502815.91
TN,2002,3516056.05,38668293.9
TX,2002,198749155.48000002,2609118017.61
UT,2002,48269.17999999999,4739863.21
VA,2002,3080564.39,145520151.93
VI,2002,40337.57,33700783.71
VT,2002,969041.11,6600498.0200000005
WA,2002,167391,93530435.49000001
WI,2002,562651.5800000001,26786023.56
WV,2002,5751448.51,175719219.47
WY,2002,4695.27,1365517.15
AK,2003,166265.74000000002,2725146.32
AL,2003,13150555.94,250470065.49
AR,2003,2571206.94,32543453.95
AZ,2003,489880.4,23667976.830000002
CA,2003,1864233.52,365652706.99
CO,2003,46206.69,8033882.16
CT,2003,350057,98439058.14
DC,2003,312246.74,1811674.21
DE,2003,18274715.9,43262049.92
FL,2003,14014209.56,1548720152.38
GA,2003,4387777.78,123935380.34
HI,2003,1769810.42,56281630.51
IA,2003,12317.4,59344813.03
ID,2003,19487.449999999997,4236181.5200000005
IL,2003,938426.3899999999,207765400.3
IN,2003,14734491.72,64111925.910000004
KS,2003,700241.91,51879443.82
KY,2003,8988003.16,171549862.4
LA,2003,11888838.34,1700330394.02
MA,2003,3171131.9499999997,217306163.09
MD,2003,175426948.82999998,222984166.16
ME,2003,337127.01,25960613.06
MI,2003,43142.72,32403980.2
MN,2003,463189.38000000006,99939654.61
MO,2003,2447430.8800000004,416323987.13
MS,2003,19161624.32,274504876.53
MT,2003,63256.369999999995,5328350.71
NC,2003,111736628.22,666234982.82
ND,2003,123130,130341453.91999999
NE,2003,174995.36,20423891.279999997
NH,2003,164096.95,9419190.64
NJ,2003,3433460.5,583358554.98
NM,2003,56370.83,1982456.1500000001
NV,2003,961823.4,26039963.32
NY,2003,3109577.98,372772109.43
OH,2003,12007393.01,110993225.06
OK,2003,95834.15,97741171.57000001
OR,2003,370856.95,52874107.57
PA,2003,10437589.08,335678735.75
PR,2003,2454792.02,100625190.72
RI,2003,27926.89,19357540.34
SC,2003,1202109.51,419187575.54
SD,2003,6544.05,13509359.96
TN,2003,17571471.02,56239764.92
TX,2003,53265199.12,2662383216.73
UT,2003,9396.67,4749259.88
VA,2003,236173599.9,381693751.83
VI,2003,2734534.46,36435318.17
VT,2003,18653.68,6619151.7
WA,2003,6683239.88,100213675.37
WI,2003,764484.17,27550507.73
WV,2003,21376461.349999998,197095680.82
WY,2003,22627.809999999998,1388144.96
AK,2004,524159.44,3249305.76
AL,2004,363312945.65,613783011.14
AR,2004,2340092.38,34883546.33
AZ,2004,1876248.9799999997,25544225.81
CA,2004,6334800.15,371987507.14
CO,2004,73053.36,8106935.52
CT,2004,352687.74,98791745.88
DC,2004,6732.54,1818406.75
DE,2004,6346002.67,49608052.589999996
FL,2004,1268760268.66,2817480421.04
GA,2004,28662455.63,152597835.97
GU,2004,147834.87,1552010.19
HI,2004,850021.3600000001,57131651.87
IA,2004,2939625.5,62284438.53
ID,2004,4607.52,4240789.04
IL,2004,2369933.29,210135333.59
IN,2004,2967837.12,67079763.03
KS,2004,1603819.3900000001,53483263.21
KY,2004,9057269.68,180607132.08
LA,2004,32225670.48,1732556064.5
MA,2004,1745048.16,219051211.25
MD,2004,5376961.11,228361127.26999998
ME,2004,2598.5,25963211.56
MI,2004,5863066.149999999,38267046.35
MN,2004,6029742.51,105969397.12
MO,2004,3275618.71,419599605.84
MS,2004,3159806.44,277664682.97
MT,2004,1195.72,5329546.43
NC,2004,39878570.16,706113552.98
ND,2004,1399504.3499999999,131740958.27
NE,2004,296883.76999999996,20720775.05
NH,2004,220003.63,9639194.27
NJ,2004,21262374.76,604620929.74
NM,2004,220478.93000000002,2202935.08
NV,2004,4578.04,26044541.36
NY,2004,13157363.43,385929472.86
OH,2004,36308581.51,147301806.57
OK,2004,2213620.44,99954792.01
OR,2004,30041.21,52904148.78
PA,2004,210669879.44,546348615.19
PR,2004,5250032.31,105875223.03
RI,2004,24891.53,19382431.87
SC,2004,5695972.82,424883548.36
SD,2004,268077.43000000005,13777437.39
TN,2004,4854602.4,61094367.32
TX,2004,61048102.68,2723431319.41
UT,2004,15713.279999999999,4764973.16
VA,2004,18642634.29,400336386.12
VI,2004,3150319.7199999997,39585637.89
VT,2004,5406.67,6624558.37
WA,2004,619910.6,100833585.97
WI,2004,1498435.57,29048943.3
WV,2004,49489845.050000004,246585525.87
WY,2004,0,1388144.96
NA,2004,0,0
AK,2005,215431.38999999998,3464737.15
AL,2005,304150212.42,917933223.56
AR,2005,291212.51,35174758.84
AZ,2005,1085565.03,26629790.84
CA,2005,91696531.15,463684038.29
CO,2005,72884.77,8179820.29
CT,2005,6851957.36,105643703.24
DC,2005,1204.66,1819611.41
DE,2005,49121.229999999996,49657173.82
FL,2005,628696002.72,3446176423.76
GA,2005,13822496.88,166420332.85
HI,2005,228605.37,57360257.24
IA,2005,22402.14,62306840.67
ID,2005,86666.59,4327455.63
IL,2005,1172679.65,211308013.24
IN,2005,7557429.85,74637192.88
KS,2005,3296842.3000000003,56780105.51
KY,2005,11461185.72,192068317.8
LA,2005,13823347008.85,15555903073.35
MA,2005,14562314.88,233613526.13
MD,2005,293393.57,228654520.83999997
ME,2005,507446.12,26470657.68
MI,2005,543552.34,38810598.69
MN,2005,144679.94999999998,106114077.07000001
MO,2005,1116973.99,420716579.83
MS,2005,2548448701.11,2826113384.08
MT,2005,19644.41,5349190.84
NC,2005,21638914.93,727752467.91
ND,2005,218806.72999999998,131959765
NE,2005,216254.5,20937029.55
NH,2005,5207848.76,14847043.03
NJ,2005,59794639.120000005,664415568.86
NM,2005,414724.75999999995,2617659.84
NV,2005,10634906.28,36679447.64
NY,2005,58702110.09,444631582.95
OH,2005,10689798.57,157991605.14
OK,2005,104297.42,100059089.43
OR,2005,2446582.82,55350731.6
PA,2005,60922876.129999995,607271491.32
PR,2005,1311196.34,107186419.37
RI,2005,11114814.26,30497246.13
SC,2005,2222731.32,427106279.68
SD,2005,4724.24,13782161.63
TN,2005,277472.92,61371840.24
TX,2005,57689487,2781120806.41
UT,2005,121466.48,4886439.64
VA,2005,1097683.61,401434069.73
VI,2005,911699.5199999999,40497337.41
VT,2005,53808.97,6678367.34
WA,2005,358251.45,101191837.42
WI,2005,65140.93,29114084.23
WV,2005,4655750.58,251241276.45000002
WY,2005,14979.03,1403123.99
AK,2006,413270.98,3878008.13
AL,2006,794780.58,918728004.14
AR,2006,1255108.97,36429867.81
AZ,2006,2339914.84,28969705.68
CA,2006,14797899.23,478481937.52
CO,2006,100442.12000000001,8280262.41
CT,2006,4240448.17,109884151.41
DC,2006,539045.48,2358656.89
DE,2006,864322.9400000001,50521496.76
FL,2006,10507992.86,3456684416.6200004
GA,2006,943524.0900000001,167363856.94
HI,2006,3751008.2100000004,61111265.45
IA,2006,10732.720000000001,62317573.39
ID,2006,496886.61000000004,4824342.24
IL,2006,6738297.28,218046310.52
IN,2006,9696133.95,84333326.83
KS,2006,1672.95,56781778.46
KY,2006,10137632.39,202205950.19
LA,2006,22927825.92,15578830899.27
MA,2006,35998815.75,269612341.88
MD,2006,7618908.29,236273429.13
ME,2006,2617191.13,29087848.81
MI,2006,463916.29,39274514.98
MN,2006,912699.4900000001,107026776.56
MO,2006,1415581.82,422132161.65
MS,2006,2098267.52,2828211651.6
MT,2006,16927.42,5366118.26
NC,2006,22878140.25,750630608.16
ND,2006,817020.8099999999,132776785.80999999
NE,2006,26907.629999999997,20963937.18
NH,2006,13822334.03,28669377.06
NJ,2006,25616690.55,690032259.41
NM,2006,5231419.75,7849079.59
NV,2006,714821.5900000001,37394269.23
NY,2006,93025369.56,537656952.51
OH,2006,21635776.04,179627381.18
OK,2006,1402361.4300000002,101461450.86
OR,2006,5415329.31,60766060.91
PA,2006,126148251.49000001,733419742.8100001
PR,2006,355048.69999999995,107541468.07000001
RI,2006,1637736.32,32134982.45
SC,2006,408379.49,427514659.17
SD,2006,1041.15,13783202.78
TN,2006,759735.74,62131575.98
TX,2006,99408556.67999999,2880529363.09
UT,2006,79749.55,4966189.19
VA,2006,44430875.4,445864945.13
VI,2006,1612306.84,42109644.25
VT,2006,199113.04,6877480.38
WA,2006,32531123.32,133722960.74000001
WI,2006,53333.55,29167417.78
WV,2006,886770.12,252128046.57
NA,2006,0,0
AK,2007,16757.03,3894765.1599999997
AL,2007,1229923.15,919957927.29
AR,2007,533983.5,36963851.31
AZ,2007,2216402.96,31186108.64
CA,2007,284090.51999999996,478766028.04
CO,2007,870344.4600000001,9150606.87
CT,2007,20041313.5,129925464.91
DE,2007,87059.9,50608556.66
FL,2007,7094695.71,3463779112.33
GA,2007,630971.94,167994828.88
HI,2007,1569309.8699999999,62680575.32
IA,2007,4152221.83,66469795.22
ID,2007,0,4824342.24
IL,2007,13853087.229999999,231899397.75
IN,2007,2148909.7600000002,86482236.59
KS,2007,17112947.16,73894725.62
KY,2007,1099614.86,203305565.05
LA,2007,5664655.2,15584495554.470001
MA,2007,11185551.34,280797893.22
MD,2007,37443.92,236310873.04999998
ME,2007,6974258.92,36062107.73
MI,2007,395204.04,39669719.02
MN,2007,4890894.42,111917670.98
MO,2007,11301111.83,433433273.48
MS,2007,744352.22,2828956003.82
MT,2007,79540.59999999999,5445658.86
NC,2007,1046400.12,751677008.28
ND,2007,35053.43,132811839.24
NE,2007,842052.15,21805989.33
NH,2007,10838950.48,39508327.54
NJ,2007,158616508.67000002,848648768.08
NM,2007,107978.58,7957058.17
NV,2007,34368.71,37428637.94
NY,2007,63344067.54,601001020.05
OH,2007,46205741.3,225833122.48
OK,2007,30581514.41,132042965.27
OR,2007,21061920.82,81827981.73
PA,2007,4521389.86,737941132.67
PR,2007,489521.98,108030990.05
RI,2007,2162756.8,34297739.25
SC,2007,315792.32,427830451.49
SD,2007,2663314.39,16446517.17
TN,2007,90309.89,62221885.87
TX,2007,91627222.49,2972156585.58
UT,2007,274720.33,5240909.52
VA,2007,296688.16,446161633.29
VI,2007,1683154.17,43792798.42
VT,2007,246339.96000000002,7123820.34
WA,2007,52693941.519999996,186416902.26
WI,2007,3609497.1199999996,32776914.9
WV,2007,6498598.55,258626645.12
WY,2007,33305.659999999996,1436429.65
AK,2008,720620.5599999999,4615385.72
AL,2008,4767492.34,924725419.63
AR,2008,15396925.87,52360777.18
AZ,2008,788001.24,31974109.88
CA,2008,3752942.25,482518970.29
CO,2008,87835.08,9238441.95
CT,2008,999195.1699999999,130924660.08
DC,2008,60507.87,2419164.76
DE,2008,1751805.9899999998,52360362.65
FL,2008,62276689.730000004,3526055802.06
GA,2008,636102.8099999999,168630931.69
HI,2008,5124114.67,67804689.99
IA,2008,169755445.34,236225240.56
ID,2008,153642.01,4977984.25
IL,2008,110420175.89999999,342319573.65
IN,2008,106223588.39,192705824.98
KS,2008,3111327.02,77006052.64
KY,2008,2844721.1,206150286.15
LA,2008,459903360.03000003,16044398914.5
MA,2008,2299681.32,283097574.54
MD,2008,1781357.46,238092230.51
ME,2008,2541225.43,38603333.16
MI,2008,2951850.37,42621569.39
MN,2008,863081.8099999999,112780752.79
MO,2008,113340277.97,546773551.45
MS,2008,31020900.37,2859976904.19
MT,2008,126748.73,5572407.59
NC,2008,18057456.96,769734465.24
ND,2008,14849.789999999999,132826689.02999999
NE,2008,1511815.84,23317805.169999998
NH,2008,843127.54,40351455.08
NJ,2008,4432546.13,853081314.21
NM,2008,2320022.26,10277080.43
NV,2008,34609.73,37463247.67
NY,2008,4445601.569999999,605446621.62
OH,2008,10536678.53,236369801.01
OK,2008,6867313.3,138910278.57
OR,2008,322716.31,82150698.03999999
PA,2008,1685792.74,739626925.41
PR,2008,4064177.86,112095167.91
RI,2008,871975.5800000001,35169714.83
SC,2008,4792951.09,432623402.58000004
SD,2008,454063.96,16900581.13
TN,2008,529218.92,62751104.79
TX,2008,2278433737.1,5250590322.68
UT,2008,31812.74,5272722.26
VA,2008,2448558.35,448610191.64
VI,2008,5699918.07,49492716.49
VT,2008,654170.5,7777990.84
WA,2008,1107252.8699999999,187524155.13
WI,2008,34629886.26,67406801.16
WV,2008,2596925.88,261223571
WY,2008,30385.13,1466814.78
NA,2008,0,0
AK,2009,336012.95999999996,4951398.68
AL,2009,13888582.42,938614002.05
AR,2009,15624919.979999999,67985697.16
AZ,2009,609778.92,32583888.8
CA,2009,1375814.74,483894785.03000003
CO,2009,825807.0700000001,10064249.02
CT,2009,778846.89,131703506.97
DC,2009,8215.5,2427380.26
DE,2009,923806.9800000001,53284169.629999995
FL,2009,72958260.8,3599014062.86
GA,2009,134524082.17,303155013.86
GU,2009,71379.09,1623389.28
HI,2009,291504.64,68096194.63
IA,2009,1732154.1300000001,237957394.69
ID,2009,135970.61,5113954.86
IL,2009,5843888.13,348163461.78
IN,2009,14282382.9,206988207.88
KS,2009,4141673.3400000003,81147725.98
KY,2009,17361789.669999998,223512075.82000002
LA,2009,38750051.94,16083148966.44
MA,2009,833367.3099999999,283930941.85
MD,2009,860022.72,238952253.23
ME,2009,191917.64,38795250.8
MI,2009,2153588.47,44775157.86
MN,2009,7371215.96,120151968.75
MO,2009,4176393.02,550949944.47
MS,2009,14245604.969999999,2874222509.1600003
MT,2009,14037.61,5586445.2
NC,2009,8571285.35,778305750.59
ND,2009,21184154.47,154010843.5
NE,2009,39820.84,23357626.009999998
NH,2009,40731.53,40392186.61
NJ,2009,14026365.82,867107680.03
NM,2009,52250.8,10329331.23
NV,2009,0,37463247.67
NY,2009,7174162.88,612620784.5
OH,2009,2050502.96,238420303.97
OK,2009,3095483.08,142005761.65
OR,2009,2327851.98,84478550.02
PA,2009,14438141.75,754065067.16
PR,2009,5669410,117764577.91
RI,2009,194932.39,35364647.22
SC,2009,1129582.29,433752984.87
SD,2009,201636.69999999998,17102217.830000002
TN,2009,10503607.37,73254712.16
TX,2009,172637014.40999997,5423227337.09
UT,2009,49322.92,5322045.18
VA,2009,106040273.08,554650464.72
VI,2009,522027.64,50014744.13
VT,2009,178089.55,7956080.39
WA,2009,46647971.2,234172126.33
WI,2009,459829.35,67866630.50999999
WV,2009,8458626.16,269682197.16
WY,2009,54957.770000000004,1521772.55
AK,2010,13411.25,4964809.93
AL,2010,1263005.47,939877007.52
AR,2010,4718462.13,72704159.28999999
AS,2010,0,0
AZ,2010,3355994.57,35939883.37
CA,2010,11915183.76,495809968.79
CO,2010,191834.36000000002,10256083.38
CT,2010,8815799.01,140519305.98
DC,2010,36711.479999999996,2464091.74
DE,2010,1125424.5699999998,54409594.199999996
FL,2010,4405329.04,3603419391.9
GA,2010,2218783.48,305373797.34
HI,2010,737522.97,68833717.6
IA,2010,19665782.900000002,257623177.59
ID,2010,240609.85,5354564.71
IL,2010,28336412.32,376499874.09999996
IN,2010,1089305.55,208077513.43
KS,2010,1238247.27,82385973.25
KY,2010,38978181.39,262490257.21
LA,2010,3267947.02,16086416913.460001
MA,2010,33855120.93,317786062.78000003
MD,2010,1791582.15,240743835.38
ME,2010,997632.7000000001,39792883.5
MI,2010,307027.09,45082184.95
MN,2010,9901085.71,130053054.46000001
MO,2010,16879803.15,567829747.62
MS,2010,5839986.16,2880062495.32
MT,2010,26328.000000000004,5612773.2
NC,2010,18990754.96,797296505.55
ND,2010,4567376,158578219.5
NE,2010,7417821.36,30775447.37
NH,2010,2260659.2,42652845.81
NJ,2010,102683237.11,969790917.14
NM,2010,660148.01,10989479.24
NV,2010,37902.83,37501150.5
NY,2010,22656181.78,635276966.28
OH,2010,1967930.91,240388234.88
OK,2010,5940077.3,147945838.95
OR,2010,353217.39999999997,84831767.42
PA,2010,19829767.31,773894834.47
PR,2010,991121.91,118755699.82000001
RI,2010,43838060.72,79202707.94
SC,2010,1166175.73,434919160.6
SD,2010,3899735.59,21001953.42
TN,2010,232995519.29,306250231.45
TX,2010,72607158.89,5495834495.98
UT,2010,135126.08000000002,5457171.26
VA,2010,2555426.53,557205891.25
VI,2010,4653101.88,54667846.01
VT,2010,124896,8080976.39
WA,2010,2447398.73,236619525.06
WI,2010,7357832.22,75224462.73
WV,2010,12428115.12,282110312.28000003
WY,2010,38542.380000000005,1560314.93
AK,2011,127975.98,5092785.91
AL,2011,6998367.49,946875375.01
AR,2011,30746245.8,103450405.09
AS,2011,4743.37,4743.37
AZ,2011,214480.84,36154364.21
CA,2011,3035668.05,498845636.84000003
CO,2011,512493.48,10768576.86
CT,2011,98302015.24,238821321.22
DC,2011,1644462.97,4108554.71
DE,2011,4813689.08,59223283.28
FL,2011,27214563.74,3630633955.6400003
GA,2011,479240.36,305853037.7
GU,2011,20097.68,1643486.96
HI,2011,12440294.239999998,81274011.84
IA,2011,12655761.950000001,270278939.54
ID,2011,237565.84,5592130.55
IL,2011,17698178.31,394198052.40999997
IN,2011,10102392.02,218179905.45
KS,2011,2455317.07,84841290.32000001
KY,2011,18901233.33,281391490.54
LA,2011,45565547.14,16131982460.6
MA,2011,7913989.89,325700052.67
MD,2011,10329379.82,251073215.2
ME,2011,451311.76,40244195.26
MI,2011,2057569.06,47139754.01
MN,2011,2898737.52,132951791.98
MO,2011,52953784.93,620783532.55
MS,2011,54568622.5,2934631117.82
MT,2011,4265329.23,9878102.43
NC,2011,177313989.03,974610494.58
ND,2011,96562250.10000001,255140469.6
NE,2011,7942544.12,38717991.49
NH,2011,3469630.6100000003,46122476.42
NJ,2011,655657018.6,1625447935.74
NM,2011,24008.28,11013487.52
NV,2011,13748.69,37514899.19
NY,2011,534984846.92,1170261813.2
OH,2011,30123077.77,270511312.65
OK,2011,3070191.92,151016030.87
OR,2011,1075918.39,85907685.81
PA,2011,356236931.21,1130131765.68
PR,2011,3238660.54,121994360.36
RI,2011,2220670.1500000004,81423378.09
SC,2011,1298290.51,436217451.11
SD,2011,14453392.66,35455346.08
TN,2011,11361113.87,317611345.32
TX,2011,1552370.66,5497386866.64
UT,2011,191685.64,5648856.9
VA,2011,42108776.4,599314667.65
VI,2011,523259.17,55191105.18
VT,2011,54757134.99,62838111.38
WA,2011,1367962.9,237987487.96
WI,2011,717961.01,75942423.74
WV,2011,984304.36,283094616.64
WY,2011,188279,1748593.93
AK,2012,879477.48,5972263.39
AL,2012,3672775.37,950548150.38
AR,2012,502143.52,103952548.61
AZ,2012,414701.89,36569066.1
CA,2012,3067833.06,501913469.90000004
CO,2012,752113.4,11520690.26
CT,2012,263463846.88,502285168.09999996
DC,2012,95004.27,4203558.9799999995
DE,2012,18689220.27,77912503.55
FL,2012,74486459.86,3705120415.5
GA,2012,3331339.37,309184377.07
GU,2012,12043.75,1655530.71
HI,2012,1929842.92,83203854.75999999
IA,2012,31773.190000000002,270310712.73
ID,2012,25524.19,5617654.74
IL,2012,369368.08,394567420.49
IN,2012,103763.53,218283668.98
KS,2012,221942.62,85063232.94
KY,2012,1139085,282530575.54
LA,2012,539133996.48,16671116457.08
MA,2012,3258911.63,328958964.3
MD,2012,22887015.7,273960230.9
ME,2012,534203.38,40778398.64
MI,2012,930804.7,48070558.71
MN,2012,3372682.2,136324474.18
MO,2012,55294.340000000004,620838826.89
MS,2012,45480854.03,2980111971.85
MT,2012,50220.13,9928322.56
NC,2012,13220393.49,987830888.07
ND,2012,1169308.26,256309777.86
NE,2012,131164.95,38849156.44
NH,2012,1821785.81,47944262.23
NJ,2012,4370305558.92,5995753494.66
NM,2012,100565.86,11114053.379999999
NV,2012,1472344.04,38987243.23
NY,2012,4205924541.4700003,5376186354.67
OH,2012,2977141.6,273488454.25
OK,2012,589099.2200000001,151605130.09
OR,2012,6277331.3,92185017.11
PA,2012,3838107.3,1133969872.98
PR,2012,1083372.3699999999,123077732.73
RI,2012,38832874.67,120256252.76
SC,2012,1660359.37,437877810.48
SD,2012,453465.79000000004,35908811.87
TN,2012,2978536.0100000002,320589881.33
TX,2012,35870298.089999996,5533257164.73
UT,2012,8048.58,5656905.48
VA,2012,24618457.48,623933125.13
VI,2012,126089.69,55317194.87
VT,2012,44750.47,62882861.85
WA,2012,3305981.84,241293469.8
WI,2012,69878.61,76012302.35
WV,2012,5248391.010000001,288343007.65
WY,2012,3227.84,1751821.77
AK,2013,3098373.2600000002,9070636.65
AL,2013,2715823.68,953263974.06
AR,2013,3467450.74,107419999.35
AZ,2013,1226424.28,37795490.38
CA,2013,1308219.56,503221689.46
CO,2013,72641027.39999999,84161717.66
CT,2013,410733.17,502695901.27
DC,2013,26078.13,4229637.11
DE,2013,371079.01,78283582.56
FL,2013,34786221.46,3739906636.96
GA,2013,6295757.12,315480134.19
GU,2013,52703.84,1708234.5499999998
HI,2013,179269.17,83383123.92999999
IA,2013,4159539.06,274470251.79
ID,2013,28466.46,5646121.2
IL,2013,96096741.64,490664162.13
IN,2013,20905665.35,239189334.33
KS,2013,1464729.9,86527962.84
KY,2013,7060663.779999999,289591239.32
LA,2013,19750085.99,16690866543.07
MA,2013,18686877.950000003,347645842.25
MD,2013,768724.33,274728955.22999996
ME,2013,475662.78,41254061.42
MI,2013,8832471.42,56903030.13
MN,2013,549245.84,136873720.02
MO,2013,19993920.68,640832747.5699999
MS,2013,11019045.73,2991131017.58
MT,2013,143694.34,10072016.9
NC,2013,10925913.41,998756801.48
ND,2013,1122976.39,257432754.25
NE,2013,137387.83000000002,38986544.27
NH,2013,369324.39,48313586.62
NJ,2013,2544612.56,5998298107.22
NM,2013,1870846,12984899.379999999
NV,2013,222499.9,39209743.13
NY,2013,13592584.030000001,5389778938.700001
OH,2013,14226894.95,287715349.2
OK,2013,9161074.94,160766205.03
OR,2013,14172.449999999999,92199189.56
PA,2013,12720147.83,1146690020.81
PR,2013,2530656.92,125608389.65
RI,2013,472953.8,120729206.56
SC,2013,3397388.68,441275199.16
SD,2013,221348.86000000002,36130160.73
TN,2013,11708555.049999999,332298436.38
TX,2013,63441133.19000001,5596698297.92
UT,2013,79076.4,5735981.88
VA,2013,3578526.07,627511651.2
VI,2013,544487.86,55861682.73
VT,2013,313261.05,63196122.9
WA,2013,376725.44,241670195.24
WI,2013,1186176.95,77198479.3
WV,2013,2106837.58,290449845.23
WY,2013,16053.640000000001,1767875.41
AK,2014,578219.46,9648856.11
AL,2014,55133306.769999996,1008397280.83
AR,2014,2149744.09,109569743.44
AZ,2014,8222331.54,46017821.92
CA,2014,15018180.15,518239869.61
CO,2014,405683.05,84567400.71
CT,2014,409228.10000000003,503105129.37
DC,2014,25186.64,4254823.75
DE,2014,667089.63,78950672.19
FL,2014,124749179.22,3864655816.1800003
GA,2014,1473599.61,316953733.8
GU,2014,51233.880000000005,1759468.43
HI,2014,1606408.78,84989532.71
IA,2014,10095103.09,284565354.88
ID,2014,31609.99,5677731.19
IL,2014,5932047.09,496596209.21999997
IN,2014,1232129.94,240421464.27
KS,2014,250185.84999999998,86778148.69
KY,2014,2370128.9,291961368.22
LA,2014,16142167.37,16707008710.44
MA,2014,2035899.32,349681741.57
MD,2014,7902042.16,282630997.39
ME,2014,679868.35,41933929.77
MI,2014,10040947.53,66943977.66
MN,2014,2943785.5,139817505.52
MO,2014,3751073.2,644583820.77
MS,2014,5692598.71,2996823616.29
MT,2014,468983,10540999.9
NC,2014,6522959.94,1005279761.42
ND,2014,1006125.85,258438880.1
NE,2014,186774.61000000002,39173318.88
NH,2014,219756.62,48533343.24
NJ,2014,7367597.69,6005665704.91
NM,2014,955080.42,13939979.8
NV,2014,1351407.4000000001,40561150.53
NY,2014,15740568.39,5405519507.09
OH,2014,12764688.459999999,300480037.65999997
OK,2014,1526640.1300000001,162292845.16
OR,2014,433747.87,92632937.42999999
PA,2014,16975183.27,1163665204.08
PR,2014,87319.35,125695709
RI,2014,143059.13,120872265.69
SC,2014,1653045.19,442928244.35
SD,2014,1738092.49,37868253.22
TN,2014,5168060.35,337466496.72999996
TX,2014,15446843.56,5612145141.48
UT,2014,171678.37,5907660.25
VA,2014,6873426.800000001,634385078
VI,2014,86463.58,55948146.31
VT,2014,149025.41,63345148.31
WA,2014,3838549.42,245508744.66
WI,2014,540451.4299999999,77738930.73
WV,2014,558489.0700000001,291008334.3
WY,2014,71572.42,1839447.83
AK,2015,99036.47,9747892.58
AL,2015,10072007.6,1018469288.43
AR,2015,10221788.01,119791531.45
AZ,2015,356965.31,46374787.23
CA,2015,1461649.37,519701518.98
CO,2015,1907739.9300000002,86475140.63999999
CT,2015,65652.41,503170781.78
DC,2015,9704.14,4264527.89
DE,2015,147283.83,79097956.02
FL,2015,27150836.69,3891806652.8700004
GA,2015,11110654.85,328064388.65
HI,2015,1005550.03,85995082.74
IA,2015,3124070.53,287689425.41
ID,2015,29332.96,5707064.15
IL,2015,12279966.9,508876176.12
IN,2015,8619049.16,249040513.43
KS,2015,1417892.99,88196041.68
KY,2015,26015176.79,317976545.01
LA,2015,14927391.12,16721936101.56
MA,2015,10175884.45,359857626.02
MD,2015,571901.84,283202899.22999996
ME,2015,89677.78,42023607.55
MI,2015,439994.01,67383971.67
MN,2015,29699.769999999997,139847205.29
MO,2015,82731841.17,727315661.9399999
MS,2015,2515540.89,2999339157.1800003
MT,2015,23373.12,10564373.02
NC,2015,9649620.6,1014929382.02
ND,2015,12659.08,258451539.18
NE,2015,4131674.76,43304993.64
NH,2015,58143.25,48591486.49
NJ,2015,1600179.13,6007265884.04
NM,2015,417471.82999999996,14357451.629999999
NV,2015,280366.36,40841516.89
NY,2015,2765450.53,5408284957.62
OH,2015,7920004.55,308400042.21
OK,2015,26987998.54,189280843.7
OR,2015,5895153.54,98528090.97
PA,2015,2487735.47,1166152939.55
PR,2015,0,125695709
RI,2015,34881.25,120907146.94
SC,2015,146723636.16,589651880.51
SD,2015,2234534.35,40102787.57
TN,2015,1631038.21,339097534.94
TX,2015,581812316.82,6193957458.3
UT,2015,43945.53,5951605.78
VA,2015,5118585.38,639503663.38
VI,2015,3121.85,55951268.16
VT,2015,309249.7,63654398.010000005
WA,2015,12221663,257730407.66
WI,2015,189722.68,77928653.41
WV,2015,4373571.75,295381906.05
WY,2015,974569.4400000001,2814017.27
NA,2015,0,0
AK,2016,45910.53,9793803.11
AL,2016,480750.8,1018950039.23
AR,2016,6937936.11,126729467.56
AZ,2016,1929153.97,48303941.2
CA,2016,5595340.74,525296859.72
CO,2016,118697.98999999999,86593838.63
CT,2016,42774.94,503213556.71999997
DC,2016,14793.33,4279321.22
DE,2016,1383609.15,80481565.17
FL,2016,291565626.02,4183372278.8900003
GA,2016,22483830.689999998,350548219.34
HI,2016,4127661.77,90122744.50999999
IA,2016,11442078.200000001,299131503.61
ID,2016,17566.35,5724630.5
IL,2016,1891124.17,510767300.29
IN,2016,1221690.56,250262203.99
KS,2016,4280169.25,92476210.93
KY,2016,1777974.9100000001,319754519.92
LA,2016,2775963701.33,19497899802.89
MA,2016,1229766.07,361087392.09000003
MD,2016,11335904.87,294538804.09999996
ME,2016,84448.68000000001,42108056.23
MI,2016,720755.58,68104727.25
MN,2016,2704528.14,142551733.43
MO,2016,10134085.08,737449747.02
MS,2016,21555389.14,3020894546.32
MT,2016,76593.05,10640966.07
NC,2016,218539166.7,1233468548.72
ND,2016,62030.15,258513569.33
NE,2016,301944.41,43606938.05
NH,2016,76178.31000000001,48667664.8
NJ,2016,26887684.66,6034153568.7
NM,2016,253686.33000000002,14611137.959999999
NV,2016,197251.38,41038768.27
NY,2016,1181555.48,5409466513.1
OH,2016,697705.1,309097747.31
OK,2016,8562514.8,197843358.5
OR,2016,151159.15,98679250.12
PA,2016,4923563.96,1171076503.51
PR,2016,188973.11,125884682.11
RI,2016,4660.51,120911807.45
SC,2016,169042200.67,758694081.1800001
SD,2016,197507.93,40300295.5
TN,2016,3447669.4,342545204.34
TX,2016,702899815.1700001,6896857273.47
UT,2016,56269.61,6007875.39
VA,2016,77506766.98,717010430.36
VI,2016,199520.1,56150788.26
VT,2016,17380.67,63671778.68
WA,2016,2358806,260089213.66
WI,2016,1894406.65,79823060.06
WV,2016,48842315.910000004,344224221.96000004
WY,2016,90208.04000000001,2904225.31
AK,2017,59993.45,9853796.56
AL,2017,8960140.43,1027910179.66
AR,2017,26344497.03,153073964.59
AZ,2017,1148187.49,49452128.69
CA,2017,35086430.94,560383290.66
CO,2017,45107.14,86638945.77
CT,2017,327685.47000000003,503541242.19
DC,2017,304200.24,4583521.46
DE,2017,74995.95,80556561.12
FL,2017,1018211347.9300001,5201583626.820001
GA,2017,69083775.94,419631995.28
GU,2017,10750.34,1770218.77
HI,2017,1026236.85,91148981.36
IA,2017,1607676.28,300739179.89
ID,2017,3335651.9200000004,9060282.42
IL,2017,18924393.18,529691693.46999997
IN,2017,4051235.74,254313439.73
KS,2017,4210089.04,96686299.97
KY,2017,2574654.58,322329174.5
LA,2017,83028703.19,19580928506.08
MA,2017,1237887.71,362325279.8
MD,2017,722572.02,295261376.12
ME,2017,412902.86,42520959.09
MI,2017,7647673.53,75752400.78
MN,2017,50926.14,142602659.57
MO,2017,79799438.63,817249185.65
MS,2017,18660589.14,3039555135.46
MT,2017,26896.82,10667862.89
NC,2017,2565914.32,1236034463.04
ND,2017,18609.9,258532179.23
NE,2017,537616.86,44144554.91
NH,2017,1103424.99,49771089.79
NJ,2017,3661065.59,6037814634.29
NM,2017,391415.74,15002553.7
NV,2017,3466644.9499999997,44505413.22
NY,2017,12307076.64,5421773589.740001
OH,2017,5362847.92,314460595.23
OK,2017,2468869.37,200312227.87
OR,2017,302555.83,98981805.95
PA,2017,10082444.24,1181158947.75
PR,2017,26831006.32,152715688.43
RI,2017,34995.549999999996,120946803
SC,2017,57011239.8,815705320.98
SD,2017,0,40300295.5
TN,2017,9045333.18,351590537.52
TX,2017,9040950115.41,15937807388.88
UT,2017,78970.29999999999,6086845.69
VA,2017,1620852.54,718631282.9
VI,2017,20277453.51,76428241.77
VT,2017,156899.52,63828678.2
WA,2017,1150991.71,261240205.37
WI,2017,5508258.24,85331318.3
WV,2017,3577043.79,347801265.75
WY,2017,138984.33,3043209.64
AK,2018,0,9853796.56
AL,2018,1502964.3599999999,1029413144.02
AR,2018,2451548.29,155525512.88
AS,2018,31342.58,36085.950000000004
AZ,2018,1678110.4899999998,51130239.18
CA,2018,20905166.74,581288457.4
CO,2018,654155.55,87293101.32
CT,2018,9872929.899999999,513414172.09
DC,2018,200938.71000000002,4784460.17
DE,2018,393949.33999999997,80950510.46
FL,2018,229112668.05,5430696294.87
GA,2018,5072264.66,424704259.94
GU,2018,199368.21,1969586.98
HI,2018,30298455.8,121447437.16
IA,2018,11465104.12,312204284.01
ID,2018,287415.9,9347698.32
IL,2018,15201462.35,544893155.8199999
IN,2018,20922934.25,275236373.98
KS,2018,5632439.36,102318739.33
KY,2018,29191089.78,351520264.28000003
LA,2018,13761110.95,19594689617.03
MA,2018,54985938.660000004,417311218.46000004
MD,2018,13149204.889999999,308410581.01
ME,2018,2957475.17,45478434.26
MI,2018,15597833.709999999,91350234.49
MN,2018,536764.14,143139423.71
MO,2018,2623659.83,819872845.48
MS,2018,11210173.58,3050765309.04
MT,2018,1119856.63,11787719.52
NC,2018,637297812.0500001,1873332275.0900002
ND,2018,1612.08,258533791.31
NE,2018,581709.18,44726264.089999996
NH,2018,2476579.51,52247669.3
NJ,2018,20018237.470000003,6057832871.76
NM,2018,741868.03,15744421.73
NV,2018,1000,44506413.22
NY,2018,14440155.24,5436213744.9800005
OH,2018,10799713.91,325260309.14
OK,2018,1072391.47,201384619.34
OR,2018,693209.85,99675015.8
PA,2018,50536448.53,1231695396.28
PR,2018,44704.81,152760393.24
RI,2018,527958.91,121474761.91
SC,2018,107579249.63000001,923284570.61
SD,2018,129492.57999999999,40429788.08
TN,2018,2194257.29,353784794.81
TX,2018,118702377.58,16056509766.46
UT,2018,76343.7,6163189.39
VA,2018,17294823.47,735926106.37
VI,2018,4484.719999999999,76432726.49
VT,2018,618888.97,64447567.17
WA,2018,999795.23,262240000.6
WI,2018,19123315.09,104454633.39
WV,2018,6102511.819999999,353903777.57
WY,2018,16446.83,3059656.47
AK,2019,0,9853796.56
AL,2019,2681944.22,1032095088.24
AR,2019,28835040.349999998,184360553.23
AZ,2019,882301.2100000001,52012540.39
CA,2019,33059850.759999998,614348308.16
CO,2019,131154.48,87424255.8
CT,2019,83739.76,513497911.84999996
DC,2019,22334.45,4806794.62
DE,2019,111.6,80950622.06
FL,2019,2471022.51,5433167317.38
GA,2019,2091082.12,426795342.06
HI,2019,103306.56,121550743.72
IA,2019,23053055.7,335257339.71
ID,2019,421374.79000000004,9769073.110000001
IL,2019,18073327.19,562966483.01
IN,2019,2044930.16,277281304.14
KS,2019,3714495.1999999997,106033234.53
KY,2019,4647169.38,356167433.66
LA,2019,70168945.41,19664858562.44
MA,2019,91920.45,417403138.91
MD,2019,643332.52,309053913.53
ME,2019,312169.56,45790603.82
MI,2019,3658673.2,95008907.69
MN,2019,3208913.6,146348337.31
MO,2019,45547935.77,865420781.25
MS,2019,14126946.73,3064892255.77
MT,2019,118438,11906157.52
NC,2019,6791294.5600000005,1880123569.65
ND,2019,181809.4,258715600.71
NE,2019,43819199.31,88545463.4
NH,2019,24401.239999999998,52272070.54
NJ,2019,4173777.06,6062006648.82
NM,2019,85260.02,15829681.75
NV,2019,58712.25,44565125.47
NY,2019,1713596.17,5437927341.150001
OH,2019,5406311.91,330666621.05
OK,2019,36940195.31,238324814.65
OR,2019,907323.35,100582339.15
PA,2019,9078599.67,1240773995.95
PR,2019,10607.57,152771000.81
RI,2019,1334.64,121476096.55
SC,2019,627693.17,923912263.78
SD,2019,4185930.2600000002,44615718.34
TN,2019,18424772.2,372209567.01
TX,2019,110655580.26,16167165346.72
UT,2019,55559.770000000004,6218749.16
VA,2019,4297336.15,740223442.52
VI,2019,0,76432726.49
VT,2019,760371.02,65207938.190000005
WA,2019,122251.79,262362252.39000002
WI,2019,7223920.289999999,111678553.67999999
WV,2019,241210.66,354144988.23
WY,2019,173953.5,3233609.97
